Merchant,2021-09-12,2021-09-18,2021-09-24
& Other Stories,0.03,0.03,0.03
1 Stop Florists,0.05,0.05,0.05
1 Up Nutrition,0.01,0.01,0.01
1-800 CONTACTS,0.08,0.08,0.08
1-800-4Clocks.com,0.02,0.02,0.02
1-800-PetMeds,0.01,0.01,0.01
100% Pure,0.025,0.025,0.025
123Inkjets,0.1,0.11,0.11
123Office,0.035,0.035,0.035
123RF,0.025,0.025,0.025
13Deals.com,0.02,0.02,0.02
1800AnyLens,0.06,0.06,0.06
1800BASKETS,0.05,0.05,0.05
1800FLOWERS,0.1,0.15,0.15
1800lighting.com,0.02,0.02,0.02
1MORE,0.04,0.04,0.04
1Password,0.25,0.25,0.275
1STOPlighting,0.055,0.055,0.055
1StopBedrooms,0.015,0.015,0.015
1ink.com,0.1,0.1,0.1
24S,0.03,0.03,0.03
2Modern,0.035,0.035,0.035
2xist.com,0.03,0.03,0.03
3.1 Phillip Lim,0.025,0.025,0.025
34 Heritage,0.02,0.02,0.02
360 Cookware,0.05,0.05,0.05
360Training,0.1,0.1,0.1
4 Wheel Drive Hardware,0.035,0.035,0.035
4 Wheel Parts,0.03,0.03,0.03
4Knines,,,0.05
4inkjets,0.09,0.09,0.09
4moms,0.025,0.025,0.025
4ocean,0.03,0.03,0.03
4th Ave Market,0.02,0.02,0.02
5 Star Nutrition,0.05,0.05,0.05
5.11 Tactical,0.03,0.03,0.03
66 North,0.02,0.02,0.02
686,0.025,0.025,0.025
7 For All Mankind,0.03,0.03,0.03
A Pea in the Pod,0.01,0.01,0.01
A.L.C.,0.03,0.03,0.03
A4C,0.03,0.03,0.03
ABC Carpet & Home,0.03,,
AC Lens,0.05,0.05,0.05
ACME Markets,0.01,0.01,0.01
AHAVA,0.04,0.04,0.04
AHAlife,0.04,0.04,0.04
AJ Madison,0.01,0.01,0.01
AMI Club Wear,0.05,0.05,0.05
AMOREPACIFIC,0.015,0.015,0.015
ANDREW MARC,0.04,0.04,0.04
ANINE BING,0.03,0.03,0.03
APT2B,0.01,0.01,0.01
ASICS,0.03,0.03,0.03
ASOS,0.025,0.025,0.025
ASTR the Label,0.05,0.05,0.05
ATM Anthony Thomas Melillo,0.04,0.04,0.04
ATN,0.025,0.025,0.025
ATTITUDE,0.0125,0.0125,0.0125
AUrate New York,0.035,0.035,0.035
AVG,0.15,0.15,0.15
Abaco Polarized Sunglasses,0.1,0.1,0.1
Abebooks,0.025,0.025,0.025
Abt Electronics,0.02,0.02,0.02
Academy Sports & Outdoors,0.01,0.01,0.03
AccuQuilt,0.025,0.025,0.025
Ace Hardware,0.02,0.02,0.02
Acer,0.03,0.03,0.03
Acme Tools,0.015,0.015,0.015
Adam & Eve,0.05,0.05,0.05
Adam Lippes,0.06,0.06,0.06
Admire My Skin,0.1,0.1,0.1
Adorama,0.01,0.01,0.01
Adornmonde,0.05,0.05,0.05
Adrianna Papell,0.015,0.015,0.015
Advance Auto Parts,0.04,0.08,0.02
Adventure Academy,0.02,0.02,0.02
Aera,0.03,0.03,0.03
Aerie,0.01,0.01,0.05
AeroGarden,0.03,0.03,0.03
Aeropostale,0.06,0.06,0.04
Aerosoles,0.025,0.025,0.025
Aesop,0.03,0.03,0.03
Agent Provocateur,0.025,0.025,0.025
Agoda,0.04,0.04,0.04
Aimee Kestenberg,0.035,0.035,0.035
Air Filters Delivered,0.04,0.04,0.04
Airport Parking Reservations,0.1,0.1,0.1
AirportRentalCars,0.04,0.04,0.04
Airweave,0.02,0.02,0.02
Alala,0.05,0.05,0.05
Alamy,0.05,,
Albany Park,0.01,0.01,0.01
Albee Baby,0.01,0.01,0.01
Albertsons,0.01,0.01,0.01
Aldo Shoes,0.03,0.03,0.03
AlexandAlexa,0.03,0.03,0.03
Algenist,0.04,0.04,0.04
AliExpress,0.0275,0.0275,0.0275
Alibaba,0.03,0.03,0.03
Alibris,0.025,0.025,0.025
Alienware,0.02,0.02,0.02
All Volleyball,0.025,0.025,0.025
AllPosters,0.025,0.025,0.025
AllSaints,0.01,0.01,0.01
AllSole,0.03,0.03,0.03
Allen Edmonds,0.02,0.02,0.02
Allergy Buyers Club,0.02,0.02,0.02
Alleyoop,0.03,0.03,0.03
Allied Shirts,0.015,0.015,0.015
Alloy Apparel,0.075,0.075,0.075
Allswell,0.02,0.02,0.02
Allurez,0.03,0.03,0.03
Alo Yoga,0.03,0.03,0.03
Aloha,0.05,0.05,0.05
Alpaka,0.04,0.04,0.04
Alpha Industries,0.025,0.025,0.025
Alpha Paw,0.015,0.015,0.015
AlphaMarts,0.035,0.035,0.035
Altra Running,0.025,0.025,0.025
AmScope,0.015,0.015,0.015
Amara,0.025,0.025,0.025
Amari Hotels,0.025,0.025,0.025
Ameliorate,0.035,0.035,0.035
AmeriMark,0.025,0.025,0.025
American Crew,0.05,0.05,0.05
American Eagle Outfitters,0.04,0.02,0.04
American Giant,0.025,0.025,0.025
American Leather,0.035,0.035,0.035
American Tourister,0.025,0.025,0.025
Amols’,0.03,0.03,0.03
Amore Beds,0.035,0.035,0.035
Amrita Aromatherapy,0.05,0.05,0.05
Amrita Singh,0.05,0.05,0.05
Amy Myers MD,0.025,0.025,0.025
"Anantara Hotels, Resorts & Spas",0.015,0.015,0.015
Ancestry.com,0.075,0.075,0.075
Angara,0.01,0.01,0.01
Angelic Bakehouse,0.035,0.03,0.03
Animal Pak,0.045,0.045,0.045
Animoto,0.05,0.05,0.05
Ann Taylor,0.015,0.015,0.015
Anne Cole,0.035,0.035,0.035
Anne Klein,0.03,0.03,0.03
Anson Calder,0.03,0.03,0.03
Anthropologie,0.01,0.01,0.01
Antipodes,0.04,0.04,0.04
AnyPromo.com,0.01,0.01,0.01
Apollo Neuroscience,0.02,0.02,0.02
Appaman,0.035,0.035,0.05
Apparis,0.03,0.03,0.03
Apple Vacations,0.01,0.01,0.01
Apple.com,0.02,0.02,0.02
Appleseed's,0.025,0.025,0.025
Appliances Connection,0.03,0.025,0.025
Apres,0.065,0.065,0.065
Aquasana,0.05,0.05,0.05
Aquatalia,0.06,0.06,0.06
Aramark,0.05,0.05,0.05
Arbor Day Foundation,0.05,0.05,0.05
Ardene,0.03,0.03,0.03
Arhaus,0.01,0.03,0.01
Armani beauty,0.04,0.04,0.04
Armitron,,0.04,0.04
Art.com,0.025,0.025,0.025
ArtPix 3D,0.05,0.03,0.03
Artemest,0.045,0.045,0.045
Arteza,0.025,0.025,0.025
Ascend Hotel Collection by Choice Hotels,0.03,0.01,0.01
Ashford,0.03,0.03,0.03
Ashley HomeStore,0.01,0.01,0.01
Ashley Stewart,0.025,0.025,0.025
Assouline,0.025,0.025,0.025
Athleta,0.04,0.06,0.02
Atlantis,0.02,0.02,0.02
Atom Tickets,0.02,0.02,0.02
Auburn University Anders Bookstore,,0.02,0.02
Audio Advice,0.03,0.03,0.03
AuraGlow,0.04,0.055,0.055
Auto Barn,0.045,0.045,0.045
Auto Europe Car Rentals,0.035,0.035,0.035
AutoZone,0.01,0.01,0.01
Autodesk,0.045,0.045,0.045
Autonomous,0.03,0.03,0.03
Avast,0.125,0.125,0.125
Aveda,0.03,0.06,0.03
Avene,0.04,0.04,0.04
Avenova,0.03,0.03,0.03
Averr Aglow,0.03,0.03,
Avery WePrint,0.02,0.02,0.02
Avid,0.075,0.075,0.075
Avis,0.01,0.01,0.01
Avon,0.03,0.03,0.015
Avoya Travel,0.02,0.02,0.02
Awara,0.06,0.06,0.06
B-Glowing,0.02,0.02,0.02
BABOR,0.05,0.05,0.05
BAGGU,0.025,0.025,0.025
BANDIER,0.03,0.03,0.03
BBQGuys,0.015,0.015,0.03
BCBG,0.02,0.02,0.02
BH Cosmetics,0.03,0.03,0.03
BHLDN,0.01,0.01,0.01
BJ's,0.015,0.015,0.015
BJJ Fanatics,0.02,0.02,0.02
BRAVO SIERRA,0.06,0.06,0.06
BURST,0.03,0.03,0.03
BUXOM,0.04,0.04,0.04
Baabuk,0.05,0.05,0.05
Babbel,0.05,0.05,0.05
Babo Botanicals,0.04,0.04,0.04
Baby Aspen,0.06,0.06,0.06
Baby Gap,0.06,0.06,0.06
Baby Jogger,0.015,0.015,0.015
Babybasket.com,0.06,0.06,0.06
Backcountry.com,0.04,0.04,0.04
Bags & Bows,0.04,0.04,0.04
Bahama Breeze,0.01,0.01,0.01
Bake Me A Wish,0.06,0.06,0.06
Baked by Melissa,0.03,0.03,0.03
Balance by bistroMD,0.025,0.04,0.04
Balfour,0.025,0.025,0.025
Bali Bras,0.02,0.02,0.02
Ballard Designs,0.015,0.015,0.015
Bally,0.02,0.02,0.02
Bally's Las Vegas,0.025,0.025,0.025
Baltini,0.015,0.015,0.015
Banana Republic,0.02,0.06,0.02
Banana Republic CA,0.02,0.02,0.02
Banana Republic Factory,0.02,0.06,0.02
Banila Co,0.075,0.075,0.075
BannerBuzz.com,0.05,0.05,0.05
Banter by Piercing Pagoda,0.03,0.03,0.03
Barbell Apparel,0.035,0.035,0.035
Barbeques Galore,0.04,0.04,0.04
Barceló Hotels,0.03,0.03,0.03
Bare Necessities,0.03,0.03,0.03
Barefoot Scientist,0.025,0.025,0.025
Bargain Junkie,0.02,0.02,0.02
Barkev's,0.025,0.025,0.025
Barnes and Noble,0.01,0.01,0.01
Barron Designs,0.015,0.015,0.015
Baseball Savings,0.015,0.015,0.015
BaseballMonkey.com,0.01,0.01,0.01
Basepaws,0.05,0.05,0.05
Bass Pro Shops,0.07,0.0525,0.035
BatBnB,0.025,0.025,0.025
Bates Footwear,0.035,0.035,0.035
Batteries Plus,0.03,0.03,0.03
BauBax,0.05,0.05,0.05
BaubleBar,0.025,0.025,0.025
Beach Camera,0.01,0.01,0.01
Beadaholique,0.035,0.035,0.035
Bealls Florida,0.035,0.035,0.035
Beam,0.05,0.05,0.05
Bean Box,0.045,0.045,0.045
Bear Mattress,0.025,0.025,0.025
Bearaby,0.045,0.045,0.045
Beaulieu Vineyards,0.035,0.035,0.035
BeautifiedYou.com,0.05,0.05,0.05
Beauty Brands,0.035,0.035,0.035
Beauty Care Choices,0.05,0.05,0.05
Beauty Expert,0.025,0.025,0.025
Beauty Plus Salon,0.06,0.06,0.06
BeautyBio,0.03,0.03,0.03
Beautyrest,0.1,0.03,0.03
Becker Professional Education,0.035,0.035,0.035
Bed Bath and Beyond,0.01,0.02,0.01
Bed Threads,0.025,0.025,0.025
Beekeeper's Naturals,0.03,0.03,0.03
Beginning Boutique,0.025,0.025,0.025
Belk.com,0.02,0.02,0.02
Bella Dahl,0.04,0.04,0.04
Bellacor,0.03,0.03,0.03
Bellesa Boutique,0.06,0.06,0.06
Bellhop,0.035,0.035,0.035
Belly Sleep,0.03,0.03,0.03
Belstaff,0.035,,
Belt Outlet,0.05,0.05,0.05
Ben Sherman,0.025,0.025,0.055
Ben Soleimani,0.025,0.025,0.025
Benefit Cosmetics,0.02,0.02,0.02
Bergdorf Goodman,0.1,0.1,0.1
Beringer,0.035,0.035,0.035
Besame Cosmetics,0.05,0.05,0.05
Best Bee Brothers,0.05,0.05,0.05
Best Bully Sticks,0.03,0.03,0.03
Best Buy,0.01,0.01,0.01
Best Choice Products,0.01,0.01,0.01
Best Western Hotels & Resorts,0.06,0.06,0.03
BestBuyEyeGlasses,0.05,0.05,0.05
Betsey Johnson,0.015,0.015,0.015
Better World Books,0.025,0.025,0.025
Betterbraces.com,0.03,0.03,0.03
Betteridge,0.03,0.03,0.03
Beverly Diamonds,0.05,0.05,0.05
Beyond Polish,0.025,0.025,0.025
Beyond Yoga,0.02,0.02,0.02
Big Bus Tours,0.05,0.05,0.05
Bigstock,0.02,0.02,0.02
Bikini.com,0.05,0.05,0.05
Bill Levkoff,0.04,0.04,0.04
Billabong,0.015,0.015,0.015
Binxy Baby,0.035,0.035,0.035
BioClarity,0.075,0.075,0.075
BioSchwartz,0.075,0.075,0.075
Biochem Protein,0.04,0.04,0.04
Biossance,0.05,0.15,0.15
Biotherm,0.05,0.05,0.05
Birchbox,0.03,0.03,0.03
Bissell,0.01,0.01,0.01
Bite Beauty,0.04,0.04,0.04
BizChair,0.015,0.015,0.015
Blain's Farm and Fleet,0.015,0.015,0.015
Blair,0.025,0.025,0.025
Blank NYC,0.055,0.055,0.055
Blenders Eyewear,0.03,0.03,0.03
Blendtec,0.04,0.04,0.04
Blick Art Materials,0.015,0.015,0.015
Blinds.com,0.015,0.015,0.015
Bliss,0.05,0.05,0.05
Bloomingdale's,0.02,0.02,0.02
Bloomist,0.02,0.02,0.02
Blooms Today Flowers,0.2,0.2,0.2
Blue & Cream,0.04,0.04,0.04
Blue Bottle Coffee,0.025,0.025,0.025
Blue Nile,0.01,0.01,0.01
Blue Sky,0.03,0.03,0.03
Blue Sky Vitamin,0.025,0.025,0.025
Bluebella,0.05,0.05,0.05
Bluebird Botanicals,0.03,0.03,0.03
Blurb,0.01,0.01,0.01
Bobbi Brown Cosmetics,0.04,0.04,0.04
Bodega,0.015,0.015,0.015
Boden,0.02,0.02,0.02
BodyBio,0.03,0.03,0.03
Bodybuilding.com,,0.04,0.04
Bogner,0.04,0.04,0.04
Bogs Footwear,0.025,0.025,0.025
Bohemian Mama,0.03,0.03,0.025
Boll & Branch,0.02,0.02,0.02
Bomber Eyewear,0.03,0.03,0.03
Bona Fide Masks,0.05,0.05,0.05
Bonafide,0.05,0.05,0.05
Bond No. 9,0.03,0.03,0.03
Bonobos,,0.015,0.015
Book Outlet,0.025,0.025,0.025
BookPal,0.025,0.025,0.025
BookVIP,0.03,0.03,0.03
Booking.com,0.04,0.04,0.04
BooksAMillion,0.025,0.025,0.025
Boombod,0.05,0.05,0.05
Boost Mobile,0.025,0.025,0.025
Borghese,0.04,0.04,0.04
Boscov's,0.025,0.025,0.025
Bose,0.05,0.02,0.02
Boston College Bookstore,,0.02,0.02
Boston Proper,0.06,0.06,0.03
Botanic Choice,0.09,0.09,0.09
Boutique Rugs,0.03,0.04,0.04
Bowflex Shop,0.025,0.025,0.025
BowlersMart,0.025,0.025,0.025
BoxLunch,0.01,0.01,0.01
Boxed,0.015,0.015,0.015
Bradford Exchange,0.02,0.02,0.02
Bradford Exchange Checks,0.1,0.1,0.1
Brahmin,0.035,0.035,0.035
Brain Sensei,0.1,0.1,0.1
BrainMD,0.07,0.07,0.07
Brainiac,0.03,0.03,0.03
Brandless,0.015,0.015,0.015
Bravado Designs,0.03,0.03,0.03
Brentwood Home,0.05,0.05,0.05
Briggs & Riley Travelware,0.025,0.025,0.025
Briogeo,0.015,0.015,0.015
British Airways,0.01,0.01,0.01
Brochu Walker,0.04,0.04,0.04
Brodo,0.09,0.1,0.1
Bronson Vitamins,0.05,0.05,0.05
Brook & York,0.05,0.05,0.05
Brooklinen,0.01,0.01,0.01
Brooks Brothers,0.03,0.03,0.03
Brooks Running,0.01,0.01,0.01
Brookstone,0.05,0.03,0.03
Browns Fashion,0.02,0.02,0.02
Bruno MD,0.045,0.045,0.045
Bruush Oral Care,0.03,0.03,0.03
Brydge,0.04,0.04,0.04
Buckle,0.025,0.025,0.025
Budget Rent-A-Car,0.01,0.01,0.01
Buffalo David Bitton,0.03,0.03,0.03
Buffalo Wild Wings,0.025,0.025,0.025
Buffy,0.015,0.015,0.015
Bugatchi,0.04,0.04,0.04
BuildASign,0.015,0.015,0.015
Built Bar,0.07,0.07,0.07
Bulk Office Supply,0.025,0.025,0.025
Bulldog Skincare,0.05,0.05,0.05
Bulletproof,0.03,0.03,0.03
Bullion Shark,0.025,0.025,0.025
Bulova,0.01,0.01,0.01
Bumble and bumble,0.04,0.04,0.04
Burkes Outlet,0.015,0.015,0.015
Burton Snowboards,0.01,0.01,0.01
Busch Gardens,0.025,0.025,0.025
Butter London,0.05,0.05,0.05
Buydig,0.01,0.01,0.01
C4,0.025,0.025,0.025
CALZEDONIA,0.035,0.035,0.035
CAMI NYC,0.025,0.025,0.025
CAT Footwear,0.035,0.035,0.035
CBD Living,0.1,0.1,0.1
COS,0.03,0.03,0.03
COSMEDIX,0.05,0.05,0.05
CVS Optical,0.04,0.04,0.04
CVS.com,0.05,0.05,0.05
CVSPhoto.com,0.05,0.05,0.05
CabanyCo,0.075,0.075,0.075
Cabela's,0.06,0.045,0.03
Caesars Rewards,0.025,0.025,0.025
Cafe Britt,0.06,0.06,0.06
Cafe Joe,0.035,0.035,0.035
Calendars.com,0.07,0.075,0.075
California Olive Ranch,0.035,0.035,0.035
Caliper CBD,0.05,0.05,0.05
Callaway Apparel,0.025,0.025,0.025
Callaway Golf,0.045,0.045,0.045
Callaway Golf Preowned,0.03,0.03,0.03
Calphalon,0.015,0.015,0.015
Calvin Klein,0.01,0.01,0.04
Cambria Hotels by Choice Hotels,0.03,0.01,0.01
CamelBak,0.025,0.05,0.05
Camp Chef,0.025,0.025,0.025
Camper,0.04,0.04,0.04
Camping World,0.02,0.02,0.02
Candlewood Suites by IHG,0.03,0.03,0.03
Canon,0.025,0.025,0.025
Canva,0.075,0.4,0.4
Canvas Press,0.035,0.035,0.035
CanvasChamp.com,0.02,0.02,0.02
CanvasDiscount.com,0.08,0.08,0.08
CanvasHQ,0.05,0.05,0.05
CanvasPeople,0.055,0.055,0.055
CanvasPop,0.06,0.06,0.06
Capalbo's Gift Baskets,0.06,0.06,0.06
CarCovers.com,0.025,0.025,0.025
Carbon38,0.04,0.04,0.04
Carbonite,0.075,0.075,0.075
CardCash,0.01,0.01,0.01
Carhartt,0.01,0.01,0.01
Cariloha,0.03,0.03,0.03
Cariuma,0.1,0.1,0.1
Carl's Golfland,0.04,0.04,0.04
Carmen Sol,0.04,0.04,0.04
Carol Wright Gifts,0.03,0.03,0.03
Carol's Daughter,0.04,0.04,0.04
Carolina,0.02,0.02,0.02
Carson Dellosa Education,0.03,0.03,0.03
Carter + Main,0.06,0.06,0.06
Carter's,0.06,0.06,0.01
Cartwright,0.08,0.08,0.08
Case-Mate,0.07,0.07,0.07
Casetify,0.06,0.06,0.06
Casper,0.01,0.01,0.01
Castlery,0.025,0.025,0.025
Cate & Chloe,0.05,0.05,0.05
Cath Kidston,0.075,0.075,0.075
Catherines,0.02,0.02,0.02
Caudalie,0.01,0.01,0.01
Certified Piedmontese,0.075,0.075,0.075
Cettire,0.05,0.05,0.05
Chaco,0.04,0.04,0.04
Chadwick's,0.025,0.025,0.025
Challans de Paris,0.065,0.065,0.065
Chamberlain,0.01,0.01,0.01
Champion USA,0.02,0.02,0.02
Champs Sports,0.02,0.03,0.03
Chantecaille,0.04,0.04,0.04
Chantelle,0.04,0.04,0.04
Charles & Keith,0.06,0.06,0.06
Charles Tyrwhitt,0.04,0.04,0.04
Charlotte Russe,0.01,0.01,0.01
Charlotte Tilbury,0.05,0.02,0.02
Charlotte's Web,0.02,0.02,0.02
Cheap Cheap Moving Boxes,0.04,0.04,0.04
Cheap Stair Parts,0.05,0.05,0.05
CheapCaribbean,0.01,0.01,0.01
CheapTickets,0.03,0.03,0.03
Checks SuperStore,0.075,0.075,0.075
Checks Unlimited,0.06,0.06,0.06
Checks in the Mail,0.08,0.08,0.08
Chemical Guys,0.04,0.04,0.04
Cheryl's,0.02,0.02,0.02
Chewy,0.01,0.01,0.01
Chicago Steak Company,0.055,0.055,0.055
Chicco,0.02,0.02,0.02
Chico's,0.02,0.02,0.02
Chico’s Off the Rack,0.02,0.02,0.02
Chilisleep,0.04,0.04,0.04
Chinese Laundry,0.05,0.05,0.05
Choice Hotels,0.03,0.01,0.01
Christophe Robin,0.035,0.035,0.035
Christy Sports,0.025,0.025,0.025
Chrome Industries,0.04,0.04,0.04
Chronicle Books,0.05,0.05,0.05
Church's Footwear,0.075,0.075,0.075
Circus by Sam Edelman,0.05,0.05,0.05
Citizen,0.01,0.01,0.01
City Chic,0.025,0.025,0.025
CitySights NY,0.075,0.075,0.075
CitySightseeing New York,0.075,0.075,0.075
Claire's,0.04,0.04,0.04
Clarins,0.02,0.05,0.02
Clarion Hotel by Choice Hotels,0.03,0.01,0.01
Clarks,0.04,0.04,0.04
Clark’s Botanicals,0.045,0.045,0.045
Claxy,0.02,0.02,0.02
Cleancult,,0.025,0.025
Clear Rear,0.03,0.03,0.03
Clickhere2shop,0.055,0.055,0.055
Clinique,0.04,0.04,0.12
Cliradex,0.05,0.05,0.05
Clothing Shop Online,0.015,0.015,0.015
Club Monaco,0.025,0.025,0.025
Clé de Peau Beauté,0.06,0.02,0.02
Coach,0.12,0.12,0.04
Coach Outlet,0.01,0.01,0.01
Coastal.com,0.05,0.05,0.05
CocoaVia,0.06,0.06,0.06
Cocoon by Sealy,0.03,0.03,0.03
Codecademy,0.025,0.025,0.025
Coffee Bean & Tea Leaf,0.05,0.05,0.05
Coggles,0.04,0.04,0.04
Coldwater Creek,0.02,0.02,0.02
Cole Haan,0.02,0.02,0.02
Colgate,0.025,0.025,0.025
Collections Etc.,0.025,0.025,0.025
Colleen Rothschild Beauty,0.02,0.02,0.02
Colorful Images,0.02,0.02,0.02
ColourPop,0.035,0.035,0.07
Coltorti,0.05,0.05,0.05
Columbia Sportswear,0.02,0.02,0.02
ComboInk,0.025,0.025,0.025
Comfort Inn by Choice Hotels,0.03,0.01,0.01
Comfort Suites by Choice Hotels,0.03,0.01,0.01
Community Coffee,0.03,0.03,0.03
CompAndSave,0.025,0.025,0.025
Competitive Cyclist,0.04,0.04,0.04
Compex,0.03,0.03,0.03
Complete Nutrition,0.035,0.035,0.035
Completely Bare,0.035,0.035,0.035
ContactsDirect,0.08,0.04,0.04
Converse,0.03,0.03,0.03
Cookies By Design,0.02,0.02,0.02
Coravin,0.025,0.025,0.025
Corel,0.05,0.05,0.05
Corelle,0.025,0.025,0.025
Corkcicle,0.05,0.05,0.05
Corsair,0.01,0.01,0.01
Cos Bar,0.05,0.05,0.05
Cosabella,0.01,0.01,0.01
Costa Del Mar,0.03,0.03,0.03
Costway,0.03,0.03,0.03
Cotopaxi,0.01,0.01,0.01
Cotton On,0.035,0.035,0.035
Couches.com,0.03,0.03,0.03
Country Inn & Suites by Radisson,0.035,0.035,0.035
Country Life Vitamins,0.04,0.04,0.04
Courant,0.04,0.04,0.04
Coursera,0.05,0.05,0.05
Courtyard,0.04,0.045,0.045
Cover FX,0.03,0.03,0.03
Covers And All,0.05,0.05,0.06
Cozy Earth,0.015,0.015,0.015
Crabtree & Evelyn,0.04,0.04,0.04
Craft Beer Club,0.025,0.025,0.025
Crane & Co,0.03,0.03,
Crayola,0.045,0.045,0.045
Crazy Shirts,0.02,0.02,0.02
Creative Irish Gifts,0.02,0.02,0.02
CreativeGallery.com,0.02,0.02,0.02
CreativeLive,0.05,0.05,0.05
Credo,0.025,0.025,0.025
Crest White Smile,0.04,0.04,0.04
Cricut,0.02,0.02,0.02
Criquet Shirts,0.015,0.015,0.015
Crocs,0.03,0.03,0.03
Crossrope,0.025,0.025,0.025
Crowd Cow,0.025,0.05,0.025
Crowne Plaza by IHG,0.03,0.03,0.03
CruiseDirect,0.02,0.02,0.02
Crutchfield,0.025,0.025,0.025
CrystalPlus.com,0.04,0.04,0.04
Cub Cadet,0.025,0.025,0.025
Cubavera,0.025,0.025,0.025
Cuddledown,0.025,0.025,0.025
Cudoo,0.1,0.1,0.1
CuffLinks.com,0.03,0.03,0.03
Cupshe,0.015,0.015,0.015
Current Catalog,0.02,0.02,0.02
Current/Elliott,0.05,0.05,0.05
CurrentBody,0.01,0.01,0.01
Cut Maps,0.05,0.05,0.05
Cutter & Buck,0.06,0.06,0.06
Cutters Sports,0.03,0.03,0.03
CyberGhost VPN,0.2,0.2,0.2
Cycle Gear,0.02,0.02,0.02
Cylance,0.25,0.25,0.25
D'Artagnan,0.015,0.015,0.015
DC Shoes,0.015,0.015,0.015
DERMA E,0.035,0.05,0.05
DERMAdoctor,0.075,0.075,0.075
DIFF Eyewear,0.025,0.025,0.025
DKNY,0.075,0.075,0.075
DL1961,0.05,0.05,0.05
DR-HO'S,0.03,0.045,0.045
DS18,0.02,0.02,0.02
DTLR-VILLA,0.015,0.015,0.015
DXL,0.01,0.07,0.01
Daily Steals,0.02,0.02,0.02
Dailygreatness,0.05,0.05,0.05
Dana Rebecca Designs,0.03,0.03,0.03
Dancewear Solution,0.05,0.05,0.05
Dango Products,0.05,0.05,0.05
Danskin,0.04,0.04,
Dansko,0.03,0.03,0.03
Darden Restaurants,0.01,0.01,0.01
Darphin Paris,0.03,0.03,0.03
Das Keyboards,0.05,0.05,0.05
David's Cookies,0.035,0.035,0.035
DavidsTea,0.01,0.01,0.01
DaySpring,,,0.04
DeMarini,0.02,0.02,0.02
Deal Extreme,0.0325,0.0325,0.0325
Deal Genius,0.03,0.03,0.03
Decadent Minimalist,0.05,0.05,0.05
Decluttr,0.035,0.035,0.035
Decor Planet,0.02,0.02,0.02
DecoratorsBest,0.03,0.03,0.03
Deep Discount,0.03,0.03,0.03
DefenAge Skincare,0.05,0.05,0.05
Dell Consumer,0.02,0.02,0.02
Dell Outlet,0.02,0.02,0.08
Dell Refurbished Computers,0.025,0.025,0.025
Dell Technologies For Work,0.02,0.02,0.02
Deluxe,0.03,0.03,0.03
Denby Pottery,0.03,0.015,0.015
Derek Rose,0.02,0.02,0.02
Dermablend,0.04,0.04,0.08
Dermaflash,0.04,0.04,0.04
Dermalogica,0.025,0.025,0.025
Dermstore,0.04,0.08,0.04
Descente Athletic,0.03,0.03,0.03
Desert Essence,0.05,0.05,0.05
Design Within Reach,0.01,0.02,0.01
Design by Humans,0.035,0.035,0.035
Desigual,0.04,0.04,0.04
Dessy Group,0.025,0.025,0.025
Deux par Deux,0.02,0.02,0.02
Di Bruno Bros,0.03,0.03,0.03
Dia & Co,0.03,0.03,0.03
Diane von Furstenberg DVF,0.03,0.03,0.03
Dick's Sporting Goods,0.01,0.03,0.01
Diet Direct,0.05,0.05,0.05
DigitalBuyer.com,0.025,0.025,0.025
Diono,0.02,0.02,0.02
Discount Filter Store,0.025,0.025,0.025
Discount Ramps,0.04,0.04,0.04
Discount School Supply,0.01,0.01,0.01
Discount Surgical,0.04,0.04,0.04
Discount Tire Direct,0.03,0.03,0.03
DiscountContactLenses.com,0.05,0.05,0.05
DiscountFilters.com,0.025,0.025,0.025
DiscountGlasses.com,0.075,0.075,0.075
Discovery Cove,0.025,0.025,0.025
District 5 Boutique,0.08,0.08,0.08
Dockers,0.025,0.025,0.025
Dogeared,0.02,0.02,0.02
Dolce Vita,0.03,0.03,0.03
Dollar General,0.02,0.02,0.02
Dollar Rent-A-Car,0.03,0.03,0.03
Dollar Shave Club,0.05,0.05,0.05
Dollar Tree,0.01,0.01,0.01
DollarDays,0.01,0.01,0.01
Domain.com,0.1,0.1,0.1
Domestify,0.02,0.02,0.02
DonJoy Performance,0.03,0.03,0.03
Dooney & Bourke,0.04,0.04,0.04
Dormify,0.04,0.04,0.04
Dot&Bo,,0.025,0.025
Dr. Axe,0.025,0.025,0.025
Dr. Berg,0.06,0.06,0.06
Dr. Brite,0.025,0.025,0.025
Dr. Comfort,0.03,0.03,0.03
Dr. Fuhrman,0.05,0.05,0.05
Dr. Jart,0.03,0.03,
Dr. Kellyann,0.075,0.075,0.075
Dr. Leonard's Healthcare,0.04,0.04,0.04
Dr. Martens,0.02,0.02,0.02
Dr. Scholl's Foot Care,0.04,0.04,0.04
Dr. Scholls Shoes,0.03,0.03,0.03
Dr. Schulze,0.03,0.03,0.03
Dr. Squatch,0.03,0.03,0.03
Draper James,0.02,0.02,0.02
Draper's & Damon's,0.025,0.025,0.025
Dream Products Catalog,0.04,0.04,0.04
Dreamcloud Mattress,0.06,0.06,0.06
Dress Lily,0.06,0.06,0.06
Driftaway Coffee,0.035,0.035,0.035
DroneNerds.com,0.035,0.035,0.035
Duer,0.025,0.025,0.025
Duluth Trading Co,0.01,0.01,0.05
Dun & Bradstreet,0.105,0.105,0.105
Duradry,0.05,0.05,0.05
Dylan's Candy Bar,0.03,0.05,0.05
Dyson,0.01,0.01,0.01
E-Z UP,0.02,0.02,0.02
ECCO,0.02,0.02,0.02
EDCskincare,0.025,0.025,0.025
EGO Shoes,0.03,0.015,0.015
EILEEN FISHER,0.02,0.02,0.02
ELEMIS,0.03,0.03,0.03
ELOQUII,0.01,0.01,0.01
EMPORIO ARMANI,0.03,0.03,0.03
ENSEMBL,0.06,0.06,0.06
ENVE Composites,0.03,0.03,0.03
ESET,0.1,0.1,0.1
ESPA,0.035,0.035,0.035
EVEN Hotels by IHG,0.03,0.03,0.03
EXPRESS,0.04,0.04,0.02
EZ Prints,0.025,0.025,0.025
Eagle Creek,0.02,0.02,0.02
Eagle Eyes Optics,0.04,0.04,0.04
Eaglemoss,0.035,0.035,0.035
East Dane,0.04,0.04,0.04
Eastbay,0.03,0.02,0.02
Easy Canvas Prints,0.015,0.015,0.015
Easy Spirit,0.01,0.02,0.02
EasyClosets,0.01,0.01,0.01
EasyGarage,0.01,0.01,0.01
Econo Lodge by Choice Hotels,0.03,0.01,0.01
Ecosa,0.03,0.03,0.03
Eczema Honey,0.025,0.025,0.025
Eddie Bauer,0.01,0.01,0.01
Eden Brothers,0.025,0.025,0.025
Edible Arrangements,0.01,0.01,0.01
Effy Jewelry,0.02,0.02,0.02
Eight Sleep,0.03,0.03,0.03
Ekrin Athletics,0.035,0.035,0.035
Electric,0.08,0.08,0.08
Electronic Express,0.02,0.02,0.02
Eleonora Bonucci,0.075,0.075,0.075
Elie Tahari,0.02,0.02,0.02
Elixinol,0.075,0.075,0.075
Elizabeth Arden,0.05,0.05,0.05
Ella Paradis,0.05,0.05,0.05
Embark Veterinary,0.03,0.03,0.03
Embr Labs,0.055,0.055,0.055
Emma Mattress,0.06,0.06,0.06
EnergyFirst,0.015,0.015,0.015
Enfamil,0.01,0.01,0.01
Engel Coolers,0.01,0.01,0.01
Enjoy Flowers,0.075,0.075,0.075
Enro,0.03,0.03,0.03
Enso Rings,0.02,0.02,0.02
Entertainment Earth,0.03,0.03,0.03
Entertainment.com,0.1,0.1,0.1
Entirely Pets,0.03,0.03,0.03
EntirelyPets Pharmacy,0.03,0.03,0.03
Entireworld,0.025,0.025,0.025
Epson Store,0.015,0.015,0.015
Equestrian Collections,0.025,0.025,0.025
EquiLife,0.035,0.035,0.035
Equipment,0.05,0.05,0.05
Ergo Desktop,0.05,0.05,0.05
Ergoal,0.02,0.02,0.02
Ergotron,0.015,0.015,0.015
Erin Condren,0.01,0.01,0.01
Erno Laszlo,0.04,0.04,0.04
Especially Yours,0.01,0.01,0.01
Estée Lauder,0.03,0.03,0.03
Eternity Modern,0.025,0.025,0.025
Ethel M. Chocolates,0.075,0.075,0.075
Etihad Airways,0.01,0.01,0.01
Ettika,0.075,0.075,0.075
Eu Natural,0.025,0.025,0.025
Europcar,0.035,0.035,0.035
Evan Evans,0.035,0.035,0.035
Evan-Moor,0.035,0.035,0.035
Eve's Addiction Jewelry,0.05,0.05,0.05
Evening Collective,0.06,0.06,0.06
Event Decor Direct,0.035,0.035,0.035
Ever New Melbourne,0.035,0.035,0.035
Ever-Pretty,0.05,0.05,0.05
Everlast,0.025,0.025,0.025
Everlywell,0.03,0.03,0.03
Every Man Jack,0.04,0.04,0.04
EveryDrop,0.04,0.04,0.04
EveryMarket,0.03,,
Everything But Water,0.03,0.03,0.03
EvoShield,0.02,0.02,0.02
Evolvetogether,0.04,0.04,0.04
ExOfficio,0.025,0.025,0.025
Exam Edge,0.09,0.09,0.09
Expedia,0.035,0.035,0.035
Extended Stay America,0.06,0.05,0.05
Exuviance,0.05,0.05,0.05
EyeBuyDirect.com,0.05,0.1,0.05
Eyeconic,0.01,0.01,0.01
Eyeglasses.com,0.06,0.06,0.06
Eyeko,0.05,0.035,0.035
FARFETCH,0.01,0.01,0.01
FEED,0.015,0.015,0.015
FLIR Systems,0.04,0.04,0.04
FOCO,0.04,0.04,0.04
FOREO,0.02,0.02,0.02
FOSSIL,0.02,0.02,0.02
FREY,0.04,0.04,0.04
FSA Store,0.02,0.02,0.02
FTD Flowers,0.05,0.05,0.05
FaceTory,0.035,0.035,0.035
Factor 75,0.2,0.4,0.2
Factory Direct Filters,0.04,0.04,0.04
Factory Outlet Store,0.01,0.01,0.01
Fairfield Inn,0.04,0.045,0.045
Fairmont Hotels and Resorts,0.025,0.025,0.025
Fairway Golf,0.075,0.075,0.075
Falconeri,0.06,0.06,0.06
Famous Dave's,0.02,0.02,0.02
Famous Footwear,0.01,0.03,0.03
Fanatics,0.01,0.01,0.01
Fancy Sprinkles,0.035,0.035,0.035
Fandango,0.015,0.015,0.03
FansEdge,0.01,0.01,0.01
FarmFoods,0.02,0.02,0.02
Farmacy,0.05,0.05,0.1
Farmbox Direct,,0.35,0.35
Fashion to Figure,0.01,0.01,0.01
Fast Bar,0.075,0.075,0.075
Fat Brain Toys,0.04,0.04,0.04
Fathead,0.025,0.025,0.025
Faux Panels,0.015,0.015,0.015
Favorite Daughter,0.04,0.04,0.04
FedEx Office,0.025,0.025,0.025
FeelGood Store,0.025,0.025,0.025
Feelunique,0.06,0.06,0.06
Felina,0.05,0.05,0.05
Felix Gray,0.02,0.02,0.02
Felt Paper Scissors,0.025,0.025,0.025
Fenty Beauty + Fenty Skin,0.02,0.02,0.05
Field & Stream,0.05,0.05,0.05
Field Supply,0.035,0.035,0.035
FinditParts,0.03,0.03,0.03
Finish Line,0.03,0.1,0.03
First Aid Beauty,0.04,0.04,0.04
Firstleaf,0.05,0.05,0.05
FishUSA,0.03,0.03,0.03
FitFlop,0.06,0.035,0.035
FitTrack,0.035,0.035,0.035
Flamingo Las Vegas,0.025,0.025,0.025
FlashlightDealer.com,0.015,0.015,0.015
Flat Tummy Co,0.05,0.05,0.05
Fleet Feet,0.025,0.025,0.025
Flex,,,0.03
Flex Watches,0.05,0.05,0.05
FlexJobs,0.05,0.05,0.05
Flexibits,0.25,0.25,0.25
Florsheim,0.025,0.025,0.025
Flower Beauty,0.03,0.03,0.03
FlowerShopping.com,0.03,0.03,0.03
Flowers by Florists.com,0.15,0.15,0.15
Focus Camera,0.015,0.015,0.015
Focus Factor,0.05,0.05,0.05
Follain,0.04,0.04,0.04
Food Saver,0.015,0.015,0.015
Food52,0.02,0.02,0.02
Foot Locker,0.04,0.04,0.08
FootJoy,0.025,0.025,0.025
Footaction,0.03,0.03,0.03
For Days,0.03,0.03,0.03
Forbes & Lewis,0.05,0.05,0.05
Forever 21,0.1,0.1,0.05
Forward by Elyse Walker,0.05,0.05,0.05
Fox Racing,0.025,0.025,0.025
Fox Rent-a-Car,0.02,0.02,0.02
Foxcroft,0.025,0.025,0.025
FoxyBae,0.05,0.05,0.05
FragranceNet.com,0.01,0.01,0.01
FragranceX,0.015,0.015,0.015
Framebridge,0.01,0.01,0.01
FramedArt.com,0.04,0.04,0.04
FramesDirect,0.03,0.03,0.03
Franco Sarto,0.03,0.03,0.03
Frank & Eileen,,,0.015
Frank And Oak,0.035,0.035,0.035
Franklin Planner,0.06,0.06,0.06
Frasier Sterling,0.02,0.02,0.02
Fred Meyer Jewelers,0.075,0.075,0.075
Frederick's of Hollywood,0.04,0.04,0.04
Free Logo Services,0.06,0.06,0.06
Free People,0.01,0.01,0.01
Free Tax USA,0.075,0.075,0.075
French Connection,0.03,0.03,0.03
Frenchtoast.com,0.025,0.025,0.025
Fresh Clean Tees,0.04,0.04,0.04
Fresh Pawz,0.05,0.05,0.05
Freshpair,0.01,0.01,0.01
Frette,0.03,0.03,0.03
Frmoda,0.065,0.065,0.065
From You Flowers,0.15,0.15,0.15
Frontera.com,0.05,0.05,0.05
Fruit Bouquets by 1800Flowers.com,0.04,0.04,0.04
Fulton Fish Market,0.025,0.025,0.025
Fun.com,0.06,0.06,0.06
Funjet Vacations,0.01,0.01,0.01
Furbo Dog Camera,0.04,0.04,0.04
Furhaven Pet Products,0.065,0.065,0.065
Future Fitness,0.5,0.5,0.5
Fuzzy,0.075,0.075,0.075
G-Form,0.05,0.05,0.05
G-Star RAW,0.06,0.06,0.06
G.H. Bass and Co.,0.04,0.04,0.04
G/Fore,0.03,0.03,0.03
GHOST DEMOCRACY,0.075,0.075,0.075
GIGLIO.COM,0.05,0.05,0.05
GLAMGLOW,0.04,0.04,0.04
GNC,0.03,0.03,0.03
GUESS,0.04,0.04,0.04
GUESS Factory,0.04,0.04,0.04
GUNNAR Optiks,0.05,0.05,0.05
Gabb Wireless,0.05,0.05,0.05
Gaffos.com,0.04,0.04,0.04
Gaia Herbs,0.015,0.015,0.015
Gaiam,,0.035,0.035
GameFly,0.05,0.05,0.05
GameStop,0.025,0.025,0.025
Gander Outdoors,0.02,0.02,0.02
Ganni,0.04,0.04,0.04
Gap,0.06,0.06,0.06
Gap Canada,0.02,0.02,0.02
Gap Factory,0.06,0.06,0.02
Gap Kids,0.06,0.06,0.06
Gap Maternity,0.06,0.06,0.06
Garmin,0.035,0.035,0.03
Garrett Wade,0.05,0.05,0.05
Gazelle,0.015,0.015,0.015
GelPro,0.01,0.01,0.01
Gem-Water,0.05,0.05,0.05
Gemvara,0.02,0.02,0.02
Gerber Childrenswear,0.03,0.03,0.03
Get Maine Lobster,0.025,0.025,0.025
Getzs,0.04,0.04,0.04
Ghirardelli Chocolate,0.04,0.04,0.04
GiftBasket.com,0.02,0.02,0.02
GiftCardMall.com,0.01,0.01,0.01
GiftCards.com,0.01,0.01,0.02
GiftTree,0.045,0.045,0.045
Gifts For You Now,0.075,0.075,0.075
Gillette on Demand,0.07,0.06,0.04
Gilt,0.01,0.01,0.01
Giuseppe Zanotti,0.03,0.03,0.03
Gladskin,0.04,0.04,0.04
Glamorise,0.075,0.05,0.05
Glasses Shop,0.1,0.1,0.1
Glasses.com,0.07,0.05,0.05
GlassesUSA,0.05,0.05,0.05
Gleamin,0.03,0.03,0.03
GlobeIn,0.02,0.02,0.02
Glossier,0.025,0.025,0.025
Glossybox.com,0.03,0.09,0.09
Glow Recipe,0.03,0.03,0.03
Glyde,0.02,0.02,0.02
Glytone,0.04,0.04,0.04
Go Airlink,0.05,0.05,0.05
Go City Card,0.03,0.03,0.03
Go-To Skin Care,0.03,0.03,0.03
GoDaddy,0.025,0.025,0.025
GoPro,0.015,0.015,
Godiva,0.01,0.01,0.01
Gold Medal Wine Club,0.025,0.025,0.025
Goldbelly,0.01,0.01,0.01
Golf Apparel Shop,0.025,0.025,0.025
Golf Galaxy,0.015,0.015,0.015
Goli,0.02,0.02,0.02
Good American,0.01,0.01,0.01
Good Morning Snore Solution,0.125,0.125,0.125
Goodyear,0.03,0.03,0.03
Goop,0.02,0.02,0.02
Gopuff,0.075,0.075,0.075
Gourmesso,0.06,0.06,0.06
Gourmet Gift Baskets,0.04,0.04,0.04
Graco,0.015,0.015,0.015
Graham & Brown,0.025,0.025,0.025
Grande Cosmetics,0.025,0.025,0.025
Grasshoppers,0.03,0.03,0.03
Great Value Vacations,0.015,0.015,0.015
Great Wolf Lodge,0.015,0.015,0.015
Greats,0.025,0.025,0.025
Green Chef,0.225,0.225,0.225
Green Man Gaming,0.02,0.02,0.02
GreenPharm,0.025,0.025,0.025
Greenvelope,0.015,0.015,0.015
Greetabl,0.055,0.055,0.055
Greeting Card Universe,0.035,0.035,0.035
Grounds & Hounds Coffee Co.,,,0.04
Groupon,0.04,0.04,0.1
Groupon Getaways,0.03,0.03,0.03
Grove Collaborative,0.02,0.02,0.02
Grow Gorgeous,0.035,0.035,0.035
Grubhub,0.11,0.11,0.11
Grunt Style,0.03,0.03,0.03
Gymboree,0.015,0.05,0.05
H&M,0.03,0.015,0.015
HATCH,0.04,0.04,0.04
HBX,0.03,0.03,0.03
HELM,0.025,0.025,0.025
HOBO,0.03,0.03,0.03
HOMAGE,0.025,0.025,0.025
HORNE,0.055,0.055,0.055
HP.com,0.01,0.01,0.01
HSAstore.com,0.02,0.02,0.02
HSN,0.01,0.05,0.05
HTC Vive,0.02,0.02,0.02
HU Chocolate,0.05,0.05,0.05
HUE,0.05,0.05,0.05
HYLETE,0.04,0.04,0.04
HYPER,0.04,0.04,0.04
Haband,0.025,0.025,0.025
Haggar.com,0.04,0.04,0.04
Hair.com,0.05,0.05,0.05
Hairstory,0.03,0.03,0.03
Hale Bob,0.015,0.015,0.015
Hallelujah Diet,0.04,0.04,0.04
HalloweenCostumes.com,0.06,0.06,0.06
Halston Heritage,0.03,0.03,0.03
Hamama,0.035,0.035,0.035
Hamilton Beach,0.03,0.03,0.03
Hammacher Schlemmer,0.04,0.04,0.04
Hammes Notre Dame Bookstore,,0.02,0.02
Hammitt,0.015,0.015,0.015
Hampden,0.04,0.04,0.04
Hanes,0.02,0.02,0.02
Hanky Panky,0.04,0.03,0.03
Hanna Andersson,0.01,0.01,0.01
Hansen Wholesale,0.04,0.04,0.04
Happsy,0.02,0.02,0.02
Happy Socks,0.05,0.05,0.05
Harbinger,0.035,0.035,0.035
Hard Tail Forever,0.05,0.05,0.05
Harley Davidson Footwear,0.015,0.015,0.015
Harman Kardon,0.03,0.03,0.03
Harney & Sons,0.03,0.03,0.03
Harrah's Las Vegas,0.025,0.025,0.025
Harrah's Laughlin,0.025,0.025,0.025
Harrah's Resort Atlantic City,0.025,0.025,0.025
Harrods,0.02,0.02,0.02
Harry and David,0.025,0.05,0.025
Harry's Razors,0.125,0.125,0.125
Harvey Nichols,0.04,0.08,0.04
Harvey's Lake Tahoe,0.025,0.025,0.025
Hatch,0.03,0.03,0.03
Hatley,0.02,0.02,0.02
Hats.com,0.05,0.05,0.05
Havaianas,0.04,0.04,0.04
Hawes & Curtis,0.04,0.04,0.04
Hawthorne,0.05,0.05,0.05
Headout,0.01,0.01,0.01
Health-Ade,0.025,0.025,0.025
Healthy Directions,0.04,0.04,0.04
HealthyPets,0.03,0.03,0.03
HearthSong,0.04,0.04,0.04
Heartland America,0.02,0.02,0.02
Heartland Vet Supply,0.03,0.03,0.03
Heat Holders,0.015,0.015,0.015
Heist Studios,0.02,0.02,0.025
Hello Bello,0.055,0.055,0.055
Hello Molly,0.025,0.025,0.025
Helmm,0.05,0.05,0.05
Helmut Lang,0.03,0.03,0.03
Helzberg Diamonds,0.03,0.03,0.03
Hemp Bombs,0.1,0.1,0.1
Henry Rose,0.03,0.03,0.03
HerRoom,0.04,0.04,0.04
Herbal Dynamics Beauty,0.09,0.09,0.09
Herbivore,0.03,0.03,0.03
Herschel Supply Co.,0.03,0.03,0.03
Hertz,0.025,0.025,0.025
Herve Leger,0.03,0.03,0.03
Heshi,0.1,0.1,0.1
HexClad Cookware,0.03,0.03,0.03
Hey Honey,0.075,0.075,0.075
Hickory Farms,0.025,0.025,0.025
High Sierra,0.025,0.025,0.025
Highlights,0.07,0.075,0.075
Hilton,0.025,0.025,0.025
Hilton – Points.com,0.0125,0.0125,0.0125
Hips & Curves,0.025,0.025,0.025
HisRoom,0.04,0.04,0.04
Hobbs,0.01,0.01,0.01
Hobby Lobby,0.02,0.02,0.02
HockeyMonkey.com,0.01,0.01,0.01
Hoka One One,0.04,0.04,0.04
Holabird Sports,0.025,0.025,0.025
Holiday Autos,0.025,0.025,0.025
Holiday Inn Club Vacations by IHG,0.03,0.03,0.03
Holiday Inn Express by IHG,0.03,0.03,0.03
Holiday Inn by IHG,0.03,0.03,0.03
Holly and Beau,0.05,0.05,0.05
HollywoodMemorabilia.com,0.015,0.015,0.015
Home & Villas by Marriott,0.015,0.015,0.015
Homer,0.175,0.175,0.175
Homesick Candles,0.03,0.03,0.03
Honeywell PPE,0.05,0.05,0.05
Horchow,0.02,0.02,0.02
Horizon Fitness,0.025,0.025,0.025
HorseLoverZ.com,0.025,0.025,0.025
Hostinger,0.05,0.05,0.05
Hot Shot's Secret,0.04,0.04,0.04
Hot Sox,0.04,0.04,0.04
Hot Topic,0.01,0.01,0.01
Hotel Chocolat,0.035,0.035,0.035
Hotel Indigo by IHG,0.03,0.03,0.03
HotelTonight,0.02,0.02,0.02
HotelTravelClub.com,0.1,0.1,0.1
Hotels.com,0.01,0.01,0.01
HotelsCombined,0.03,0.03,0.0375
Hotspot Shield VPN,0.2,0.2,0.2
Hotter Shoes,0.05,0.05,0.05
Hotwire,0.05,0.05,0.05
Huda Beauty,0.025,0.025,0.025
Hudson Jeans,0.04,0.04,0.04
Hugo Boss,0.05,0.1,0.05
Humble Bundle,0.04,0.04,0.04
Hunter Boots,0.02,0.02,0.02
Hurley,0.075,0.075,0.075
Hush Puppies,0.035,0.035,0.035
Hydro Flask,0.02,0.02,0.02
Hydrow,0.04,0.04,0.04
IDLE Sleep,0.075,0.075,0.075
IFCHIC,0.02,0.02,0.02
IGK Hair,0.04,0.04,0.04
IHG Hotels & Resorts,0.03,0.03,0.03
ILoveDooney,0.05,0.05,0.05
IMAGE Skincare,,,0.06
INNOVO,0.03,0.03,0.03
INTELLIbed,0.04,0.04,0.04
INTERMIX,0.04,0.04,0.04
INTO THE AM,0.05,0.05,0.05
IRO,0.05,0.05,0.05
ISA Professional,0.05,0.05,0.05
IT Cosmetics,0.04,0.04,0.04
IZOD,0.03,0.03,0.03
Ice Rings,0.025,0.025,0.025
Icing,0.04,0.04,0.04
IdealFit,0.04,0.04,0.04
Igloo,0.03,0.03,0.03
Illamasqua,0.035,0.035,0.035
In Common Beauty,0.1,0.1,0.1
In The Style,0.05,0.05,0.05
In The Swim,0.03,0.03,0.03
InStyler,0.03,0.03,0.03
Incase,0.01,0.01,0.01
Incipio,0.02,0.02,0.02
Indochino,0.01,0.01,0.01
Industry West,0.03,0.03,0.03
InfiniteAloe,0.05,0.05,0.05
Infinity Beer Pong,0.05,0.05,0.05
Influence U,0.06,0.06,0.06
Ingrid & Isabel,0.02,0.02,0.02
InkCartridges,0.09,0.09,0.09
Inkkas,0.05,0.05,0.05
InsideTracker,0.04,0.04,0.055
Insomniac,0.05,0.05,0.05
Inspire Uplift,0.03,0.03,0.03
Insta Slim,0.05,0.05,0.05
Instacart,0.01,0.01,0.01
Instant,0.03,0.03,0.03
InterContinental Hotels and Resorts by IHG,0.03,0.03,0.03
International Open Academy,0.1,0.1,0.1
International Tool,0.04,0.04,0.04
Intimina,0.05,0.05,0.05
Intimissimi,0.035,0.035,0.035
Isotonix,0.02,0.02,0.02
Ivory Ella,0.04,0.04,0.04
J.Crew,0.05,0.05,0.05
J.Crew Factory,0.015,0.015,0.015
J.Jill,0.015,0.015,0.015
J.McLaughlin,0.05,0.05,0.05
J.R. Dunn Jewelers,0.01,0.01,0.01
JBL,0.03,0.03,0.03
JCPenney,0.06,0.03,0.06
JD Sports,0.03,0.03,0.1
JEGS,0.01,0.01,0.01
JINsoon,0.05,0.05,0.05
JLab Audio,0.05,0.05,0.05
JOAH,0.05,0.05,0.05
JOSEPH,0.03,0.03,0.03
JTV Jewelry,0.02,0.02,0.02
JURA,0.02,0.02,0.02
JW Marriott,0.04,0.045,0.045
Jabra,0.06,,
Jacadi,0.04,0.04,0.04
Jachs NY,0.03,0.03,0.03
Jack Rogers,0.015,0.015,0.015
Jack Wills,0.035,0.035,0.035
Jack Wolfskin,0.035,0.035,0.035
JackRabbit,0.04,0.04,0.04
Jackson Galaxy,0.04,0.04,0.04
Jambu & Co,0.05,0.05,0.05
James Perse,0.01,0.01,0.01
JanSport,0.04,0.04,0.04
Jane.com,0.01,0.01,0.01
Janie and Jack,0.02,0.02,0.02
Jared - The Galleria of Jewelry,0.04,0.03,0.03
Java Sok,0.075,0.075,0.075
Jaxon Lane,0.04,0.04,0.04
Jayson Home,0.03,0.03,0.03
Jelly Belly,0.025,0.025,0.025
Jennifer Behr,0.035,0.035,0.035
Jenny Bird,0.025,0.025,0.025
JetBlue Vacations,0.01,0.01,0.01
Jetson,0.1,0.1,0.1
Jewel Osco,0.01,0.01,0.01
Jewelry Affairs,0.075,0.075,0.075
Jimmy Choo,0.02,0.02,0.02
Jimmy Jazz,0.02,0.02,0.02
Jimmyjane,0.06,0.06,0.06
Jo Malone London,0.03,0.03,0.03
Jockey,0.04,0.04,0.04
Joe Fresh,0.01,0.01,0.01
Joe's New Balance Outlet,0.015,0.015,0.015
John Elliott,0.01,0.01,0.01
John Hardy,0.035,0.035,0.035
John Robshaw,0.025,0.025,0.025
Johnnie-O,0.04,0.04,0.04
Johnston & Murphy,0.035,0.035,0.035
Joie,0.05,0.05,0.05
Joie de Viv,0.035,0.035,0.035
Jonathan Adler,0.02,0.02,0.02
Jos. A. Bank,0.025,0.025,0.025
Joules,0.035,0.035,0.035
Journeys,0.02,0.02,0.02
Joybuy,0.015,0.015,0.015
Joylux,0.025,0.025,0.025
JuJuBe,0.03,0.03,0.03
Judith March,0.05,0.05,0.05
Juice Beauty,0.05,0.05,0.05
Juicy Couture Beauty,0.075,0.075,0.075
Julep,0.04,0.04,0.04
JumpSport,0.025,0.025,0.025
Jurlique,0.04,0.04,0.04
Just My Size,0.01,0.01,0.01
Just Thrive,0.5,0.5,0.5
Justice,0.05,0.05,0.05
Juvia's Place,0.04,0.04,0.04
K-DEER,0.025,0.025,0.025
KEH Camera,0.01,0.01,0.01
KIND,0.025,0.025,0.025
KOODING,0.035,0.035,0.035
KORA Organics,0.04,0.04,0.04
KORRES,0.06,0.06,0.06
KT Tape,0.025,0.025,0.025
KUIU,0.03,0.03,0.03
KVD Vegan Beauty,0.02,0.02,0.02
KaTom,0.02,0.02,0.02
Kangol,0.05,0.05,0.05
Kaplan Test Prep,0.03,0.03,0.03
Kardiel,0.05,0.05,0.05
Karen Kane,0.04,0.04,0.04
Karl Lagerfeld,0.015,0.015,0.015
Karmaloop,0.02,0.02,0.02
Kaspersky,0.2,0.2,0.2
Kassatex,0.02,0.02,0.02
Kate Aspen,0.06,0.06,0.06
Kate Farms,0.02,0.02,0.02
Kate Somerville,0.03,0.03,0.03
Katin,,,0.03
Katy Perry Collections,0.05,0.05,0.05
Kaufmann Mercantile,0.04,0.04,0.04
Kay Jewelers,0.03,0.03,0.03
Kay Outlet,0.03,0.03,0.03
Keds,0.05,0.05,0.05
Keen Footwear,0.05,0.05,0.05
Keeper Security,0.05,0.05,0.05
Keetsa,0.025,0.025,0.025
KelbyOne,0.07,0.075,0.075
Kendra Scott,0.03,0.03,0.03
Kenneth Cole,0.02,0.02,0.02
Kenzzi,0.025,0.025,
Kerastase,0.12,0.06,0.06
Kettle & Fire,0.025,0.025,0.025
Keurig,0.02,0.02,0.02
Keys Soulcare,0.05,0.05,0.05
Kids Discover,0.03,0.03,0.03
Kids Foot Locker,0.03,0.06,0.03
Kiehl's,0.04,0.06,0.08
Kiko Cosmetics,0.05,0.05,0.05
Kilian Paris,0.03,0.03,0.03
Kin Euphorics,0.025,0.025,0.025
Kindred Bravely,0.04,0.04,0.04
Kings Bottle,0.045,0.045,0.045
Kipling,0.04,0.04,0.04
Kirna Zabête,0.03,0.03,0.03
Kiss My Keto,0.05,0.05,0.05
KissUSA,0.05,0.05,0.05
Kit and Ace,0.015,0.015,0.015
KitchenAid,0.01,0.01,0.01
Kiwi.com,0.015,0.015,0.015
KiwiCo,0.075,0.075,0.075
Kiyonna,0.05,0.05,0.05
Klean Athlete,0.06,0.06,0.06
Klipsch,,,0.025
Klorane USA,0.04,0.04,0.04
Knack,,,0.01
Kneipp,0.04,0.04,0.04
Knockaround,0.02,0.02,0.02
Koh Gen Do,0.04,0.04,0.04
Kohl's,0.01,0.01,0.01
Kohler,0.02,0.02,0.02
Kole Imports,0.015,0.01,0.01
KonMari,0.02,0.02,0.02
Koolaburra,0.045,0.045,0.045
Koral,0.03,0.03,0.03
Korean Air,0.01,0.01,0.01
Kori Krill Oil,0.04,0.04,0.04
Kosterina,0.035,0.035,0.035
Kroger Grocery Delivery and Ship,0.02,0.02,0.02
Kule,0.05,0.05,0.05
Kurt Geiger Ltd.,0.05,0.05,0.075
Kut from the Kloth,0.04,0.04,0.04
Kylie Cosmetics + Skin,0.05,0.02,0.02
Kühl,0.04,0.04,0.04
L'Artisan Parfumeur,0.02,0.02,0.02
L'OCCITANE,0.03,0.03,0.03
L*Space,0.01,0.01,0.01
L.L.Bean,0.02,0.02,0.02
LACAUSA,0.025,0.025,0.025
LARQ,0.04,0.04,0.04
LATHER,0.035,0.05,0.05
LEGO,0.025,0.025,0.025
LESET,0.06,0.06,0.06
LG Electronics,,0.03,0.03
LIVELY,0.01,0.01,0.01
LL Flooring,0.01,0.01,0.01
LOFT,0.02,0.02,0.04
LOOK OPTIC,0.025,0.025,0.025
LORAC,0.03,0.03,0.03
LTD Commodities,0.02,0.02,0.02
LUX LED Lighting,0.065,0.065,0.065
LXR,0.025,0.025,0.025
La Canadienne,0.02,0.02,0.02
La Garconne,0.025,0.025,0.02
La Mer,0.03,0.03,0.03
La Roche-Posay,0.04,0.04,0.04
La-Z-Boy,0.01,0.01,0.01
Lab Series for Men,0.04,0.04,0.04
Lacoste,0.01,0.01,0.01
LacrosseMonkey.com,0.01,0.01,0.01
Ladder,0.25,0.25,0.25
Lakeside Collection,0.02,0.02,0.02
Lalo,0.015,0.015,0.015
Lancer Skincare,0.025,0.025,0.025
Lancome,0.03,0.03,0.03
Lands' End,0.02,0.02,0.04
Lands' End Business,0.04,0.04,0.04
Lane Bryant,0.02,0.02,0.02
Laplink,0.025,0.025,0.025
Lark Adventurewear,0.045,0.045,0.045
LastPass,0.2,0.2,0.2
Laura Geller,0.04,0.04,0.04
Laura Mercier,0.025,0.025,0.025
Layla,0.075,0.075,0.075
LazyOne,0.035,0.035,0.035
Leanin' Tree,0.02,0.02,0.02
Learning Resources,0.04,0.04,0.04
Leatherman,0.025,0.025,0.025
Lee Jeans,0.02,0.02,0.02
Leesa,0.03,0.03,0.03
Legion Athletics,0.02,0.02,0.02
Lehman's,0.02,0.02,0.02
Lenovo,0.06,0.06,0.06
LensCrafters,0.04,0.04,0.04
LensDirect.com,0.05,0.05,0.05
LensPure,0.04,0.04,0.04
Lensabl,0.05,0.05,0.05
LensesRX,0.03,0.03,0.03
Lenskart,0.04,0.04,0.04
Leslie's Pool,0.025,0.025,0.025
Level Sleep,0.06,0.06,0.06
Levi's,0.05,0.05,0.05
LexMod,0.04,0.04,0.04
Liberty London US,0.025,0.1,0.1
Liberty Tax,0.05,0.05,0.05
Lids.com,0.01,0.01,0.01
Life Extension,0.05,0.03,0.02
Life Stride,0.04,0.04,0.04
Life and Home,0.05,0.05,0.05
Life is Good,0.05,0.05,0.05
LifeLock,0.8,0.4,0.4
LifeProof,0.05,0.05,0.05
Lifeline Skin Care,0.05,0.05,0.05
Lightbox Jewelry,0.03,0.03,0.03
Lighting New York,0.04,0.04,0.04
Liingo Eyewear,0.08,0.08,0.08
Lillian Vernon,0.045,0.045,0.045
Lime Crime,0.01,0.025,0.025
Limoges Jewelry,0.06,0.06,0.06
Limos.com,0.025,0.025,0.025
Lindt Chocolate,0.025,0.025,0.025
Linens and Hutch,0.05,0.05,0.05
Linux Foundation,0.1,0.1,0.1
Little Passports,0.02,0.02,0.02
Littman Jewelers,0.075,0.075,0.075
Live & Sleep,0.035,0.035,0.035
Liverpool Jeans,0.04,0.04,0.04
Living Proof,0.04,0.04,0.04
LivingSocial,0.04,0.04,0.04
Lizzy James,0.05,0.05,0.05
Logitech,0.05,0.05,0.05
Logitech G,0.025,0.025,0.025
LongHorn Steakhouse,0.01,0.01,0.01
Loog Guitars,0.05,0.05,0.05
Look Human,0.025,0.025,0.025
Loot Crate,0.04,0.04,0.04
Lord + Taylor,0.04,0.04,0.04
Lorex Technology,0.03,0.02,0.02
Lorna Jane,0.025,0.025,0.025
Louisville Slugger,0.02,0.02,0.02
Love Scent,0.15,0.15,0.15
Love With Food,0.1,0.1,0.1
Love in Faith,0.03,0.03,0.03
Lovehoney,0.09,0.09,0.09
LovelySkin,0.04,0.04,0.04
Lovepop,0.025,0.025,0.025
Lovesac,0.01,0.01,0.01
Lowe's,0.02,0.03,0.02
Luca + Danni,0.015,0.015,0.015
Lucky Brand,0.07,0.035,0.035
Lucky Vitamin,0.03,0.03,0.03
Lugz,0.03,0.03,0.03
Luisaviaroma,0.045,0.045,0.045
Luma Sleep,0.06,0.06,0.06
Lumens,0.04,0.04,0.04
Lumi By Pampers,0.025,0.025,0.025
Lumin,0.04,0.04,0.04
Luxlley,0.02,0.02,0.02
Luxor Linen,0.06,0.06,0.06
Luxury Escapes,0.025,0.025,0.025
Lynn Richardson,0.05,0.05,0.05
Lyre's,0.075,0.075,0.075
Lysse,0.03,0.03,0.03
M&M’S,0.03,0.03,0.03
M.Gemi,0.02,0.02,0.02
M.M.LaFleur,0.025,0.025,0.025
MAGIX,0.06,0.06,0.06
MATCHESFASHION,0.03,0.01,0.01
MDF Instruments,0.04,0.04,0.04
MERIT,0.02,0.02,0.02
MGM Resorts,0.025,0.025,0.025
MILLY,0.04,0.04,0.04
MISSHA,0.025,0.025,0.025
MLB Shop,0.01,0.01,0.01
MOLECULE,0.02,0.02,0.02
MONNIER Frères,0.015,0.015,0.015
MOO,0.025,0.025,0.025
MPG,0.025,0.025,0.025
MPOWERD,0.05,0.05,0.05
MR PORTER,0.03,0.03,0.03
MSC Industrial Supply Co.,0.01,0.01,0.01
MTD Parts,0.03,0.03,0.03
MUD\WTR,0.025,0.025,0.025
MYK Silk,0.025,0.025,0.025
Maaji,0.05,0.05,0.05
MacKenzie-Childs,0.025,0.025,0.025
MacPaw,0.05,0.05,0.05
Mack Weldon,0.05,0.025,0.025
Mackage,0.01,0.01,0.01
Mackenzie Limited,0.045,0.045,0.045
Macy's,0.06,0.1,0.1
Madaluxe Vault,0.05,0.05,0.05
Madda Fella,0.1,0.1,0.1
Made By Mary,0.03,0.03,0.03
Made In Washington,0.02,0.02,0.02
Madewell,0.01,0.1,0.01
Madison,0.035,0.035,0.035
Madison Reed,0.03,0.03,0.03
Magazine Store,0.225,0.225,0.225
Magazine Values,0.075,0.075,0.075
Magazines.com,0.4,0.4,0.2
MagicKitchen.com,0.055,0.055,0.055
MagicalButter,0.07,0.07,0.025
Mahabis,0.035,0.035,0.035
Maidenform,0.03,0.03,0.03
MainStay Suites by Choice Hotels,0.03,0.01,0.01
Mainline Menswear,0.035,0.035,0.035
Makanai,0.075,0.075,0.075
Make Up For Ever,0.025,0.025,0.025
MakeUp Eraser,0.05,0.05,0.05
Malin+Goetz,0.04,0.04,0.04
Malwarebytes,0.1,0.1,0.1
Man Crates,0.0375,0.0375,0.0375
Manduka,0.025,0.025,0.025
Mango,0.03,0.03,0.03
Mankind,0.035,0.035,0.035
Mansur Gavriel,0.015,0.015,0.015
Manuka Doctor,0.04,0.04,0.04
Marc Fisher,0.015,0.015,0.015
Marc Jacobs,0.03,0.03,0.03
Marc Jacobs Beauty,0.01,0.01,0.01
Marcella,0.035,0.035,0.035
Marchesa,0.03,0.03,0.03
Marciano,0.02,0.02,0.02
Marika,0.02,0.02,0.02
Marimekko,0.04,0.04,0.04
Marinelli,0.05,0.05,0.05
Marissa Collections,0.03,0.03,0.03
Marks & Spencer,0.02,0.02,0.02
Marmot,0.025,0.025,0.025
Marriott Bonvoy - Points.com,0.0125,0.0125,0.0125
Marriott.com,0.04,0.045,0.045
Mars Med Supply,0.05,0.05,0.05
Maryland Square,0.075,0.075,0.075
Master & Dynamic,0.04,0.04,0.04
Master of Project Academy,0.09,0.09,0.09
MatchaBar,0.04,0.04,0.04
Matisse Footwear,0.05,0.05,0.05
Matt & Nat,0.02,0.02,0.02
Mattress Firm,0.025,0.025,0.025
Maud’s Coffee & Tea,0.035,0.035,0.035
Maui and Sons,0.05,0.05,0.05
Mavi,0.04,0.04,0.04
MaxAroma,0.015,0.015,0.015
Maxi-Cosi,0.04,0.04,0.04
Maytag,0.01,0.01,0.01
Mayvenn,0.04,0.04,0.04
McAfee,0.2,0.2,0.2
McDavid,0.03,0.03,0.03
MeUndies,0.05,0.05,0.05
Meat Processing Products,0.025,0.025,0.025
Medical Supply Depot,0.04,0.04,0.04
MegaFood,0.05,0.05,0.05
Mejuri,0.02,0.02,0.02
Melijoe,0.02,0.02,0.02
Melinda Maria,0.04,0.04,0.04
Melissa & Doug,0.02,0.02,0.02
Men's Wearhouse,0.05,0.025,0.025
Men’s USA,0.035,0.035,0.035
Meridian Grooming,0.03,0.03,0.05
Merlette,0.05,0.05,0.05
Merrell,0.035,0.035,0.035
Metal Unlimited,0.06,0.06,0.06
Miansai,0.025,0.025,0.025
Michael Kors,0.02,0.02,0.02
Michael Stars,0.02,0.02,0.02
Michaels,0.01,0.01,0.01
Michele,0.02,0.02,0.02
Microsoft Store,0.035,0.035,0.035
Mignon Faget,0.035,0.035,0.035
Mignonne Gavigan,0.06,0.06,0.06
Mikasa,0.02,0.02,0.02
Milani Cosmetics,0.015,0.015,0.015
Miles Kimball,0.03,0.03,0.03
Milk Makeup,0.02,0.02,0.02
Millennium Hotels and Resorts,0.015,0.015,0.015
MindWare,0.02,0.02,0.02
Mindvalley,0.025,0.025,0.025
Ming Wang,0.025,0.025,0.025
Minimal,0.04,0.04,0.04
Ministry of Supply,0.02,0.02,0.02
Minnetonka,0.025,0.025,0.025
Minted,0.015,0.015,0.015
Mio Skincare,0.035,0.035,0.035
Miraclesuit,0.03,0.03,0.03
Misook,0.025,0.025,0.025
Missguided,0.06,0.06,0.03
Missoma,0.05,0.02,0.02
Mister SFC,0.025,0.025,0.025
MisterArt.com,0.02,0.02,0.02
Mixbook,0.05,0.05,0.05
Mizuno,0.04,0.04,0.04
Mizzen+Main,0.05,0.05,0.1
ModCloth,0.05,0.05,0.05
Moda Operandi,0.02,0.02,0.02
Modanisa.com,0.03,0.03,0.03
Modern Bathroom,0.03,0.03,0.03
Modern Picnic,,0.035,0.035
Modibodi,0.025,0.025,0.025
Molekule,0.02,0.02,0.02
Molton Brown,0.03,0.03,0.03
Monica + Andy,0.02,0.02,0.02
Monica Vinader,0.02,0.02,0.02
Monoprice,0.01,0.01,0.01
Monster.com,0.1,0.1,0.1
Montavue,0.01,0.01,0.01
Moon Juice,0.04,0.04,0.04
Moosejaw,0.045,0.045,0.045
Moral Code,0.045,0.045,0.045
More Labs,0.075,0.075,0.075
Moroccanoil,0.035,0.035,0.035
Morphe,0.02,0.02,0.02
Morris 4x4 Center,0.03,0.03,0.03
Mosaic Weighted Blankets,0.045,0.045,0.045
Moschino,0.03,0.03,0.03
Motel 6,0.04,0.04,0.04
Mother Denim,0.02,0.02,0.02
Motherhood Maternity,0.01,0.01,0.01
Motives Cosmetics,0.02,0.02,0.02
MotoSport,0.025,0.025,0.025
Motorola Mobility,0.01,0.01,0.01
Mount-It!,0.025,0.025,0.025
Mountain Hardwear,0.05,0.05,0.05
Mountain Warehouse,0.04,0.04,0.04
MountainSteals.com,0.025,0.025,0.025
Movado Company Store,0.02,0.02,0.02
Mrs. Fields,0.03,0.03,0.03
Muck Boots,0.05,0.05,0.05
Munchkin,0.02,0.02,0.02
Murad Skin Care,0.04,0.08,0.04
Muse,0.03,0.03,0.03
Music & Arts,,,0.01
Muttropolis,0.035,0.035,0.035
My Bully Sticks,0.05,0.05,0.05
MyCorporation,0.085,0.085,0.085
MyEvergreen,0.035,0.035,0.035
MyHeritage,0.025,0.025,0.025
MyPhoto,0.025,0.025,0.025
MyWeddingFavors,0.06,0.06,0.06
Myprotein,0.04,0.04,0.04
Myron,0.03,0.03,0.03
Mytheresa,0.02,0.02,0.02
M·A·C Cosmetics,0.03,0.03,0.03
NAKEDCASHMERE,0.015,0.015,0.015
NARS Cosmetics,0.025,0.025,0.025
NASCAR.com Store,0.01,0.01,0.01
NBA Store,0.01,0.01,0.01
NEST New York,0.035,0.035,0.035
NET-A-PORTER,0.03,0.03,0.03
NET10 Wireless,0.04,0.04,0.04
NFL Game Pass,0.05,0.05,0.05
NFL Shop,0.01,0.01,0.01
NHC Vitamins,0.04,0.04,0.04
NIC+ZOE,0.04,0.04,0.04
NOAH,0.03,0.03,0.03
NYDJ,0.05,0.05,0.05
NYX Professional Makeup,0.04,0.11,0.04
Naadam,0.03,0.03,0.03
Name Stories,0.05,0.05,0.075
Nancy Meyer,0.04,0.04,0.04
Nano Air Mask,0.03,0.03,0.03
Nap Loungewear,,0.225,0.225
Naples Soap Company,0.05,0.05,0.035
Nashville Shoe Warehouse,0.035,0.035,0.035
Nasty Gal,0.045,0.045,0.045
Natalie Fragrance,0.03,0.03,0.03
Natchez,0.01,0.01,0.01
Nathan Sports,0.05,0.05,0.05
NationalBusinessFurniture.com,0.02,0.02,0.02
Native Grill & Wings,0.02,0.02,0.02
Natori,0.04,0.04,0.04
Natura,0.03,0.03,0.03
Naturalizer,0.03,0.03,0.03
NatureBox,0.05,0.05,0.05
NatureWell Beauty,0.03,0.03,0.03
NatureWise,0.04,0.04,0.04
Naturepedic,0.06,0.06,0.06
Nautica,0.04,0.04,0.04
Navigation.com,0.04,0.04,0.04
Navy Hair Care,0.04,0.04,0.04
Nearly Natural,0.025,0.025,0.025
Nectar Sleep,0.05,0.05,0.05
Nectar Sunglasses,0.04,0.04,0.04
Neiman Marcus,0.02,0.02,0.02
NeoStrata,0.05,0.05,0.05
Nest Bedding,0.015,0.015,0.015
Netaya,0.03,0.03,0.03
Neutrogena,0.04,0.04,0.04
New Balance,0.015,0.015,0.015
New Era,0.02,0.02,0.02
New Vitality,0.05,0.05,0.05
New York & Company,0.025,0.025,0.025
New York SightSeeing,0.075,0.075,0.075
NewAir,0.02,0.02,0.02
Newark,0.03,0.03,0.03
Newchic,0.07,0.07,0.07
Newspapers.com,0.1,0.1,0.1
Next Big Idea Club,0.05,0.05,0.05
Nick's Ice Cream,0.26,0.26,0.26
Nicole Miller,0.05,0.05,0.05
Nike,0.03,0.03,0.03
Nili Lotan,0.035,0.035,0.035
Nina Shoes,0.05,0.05,0.05
Nine West,0.01,0.01,0.01
Ninja,0.02,0.02,0.02
Nisolo,0.015,0.015,0.015
Nixon,0.04,0.04,0.04
Nixplay,0.035,0.035,0.035
No7,0.04,0.04,0.04
Nobis,0.05,0.05,0.05
Nom Nom,0.1,0.1,0.1
Nomad,0.035,0.035,0.035
Nomad Goods,0.05,0.05,0.05
Nomadik,0.08,0.08,0.08
NordPass,0.5,0.5,0.5
NordVPN,0.4,0.2,0.4
Nordstrom Rack,0.01,0.04,0.02
NorthStyle,0.025,0.025,0.025
Northern Tool,0.015,0.015,0.015
Norton Security and Antivirus,0.4,0.2,0.2
NuFACE,0.05,0.05,0.1
NuWave,0.075,0.075,0.075
Nuance,0.04,0.04,0.04
Nunn Bush,0.035,0.035,0.035
Nuria,0.025,0.025,0.025
Nurish,0.05,0.5,0.5
Nutribullet,0.01,0.01,0.01
Nutrisystem,0.03,0.03,0.03
Nutrition for Longevity,0.04,0.04,0.04
Nuxe,0.035,0.035,0.035
O'Neill,0.01,0.01,0.01
OCLU,0.05,0.05,0.05
OFRA Cosmetics,0.03,0.03,0.03
OLIPOP,,0.05,0.05
OLLY,,,0.01
ONE Condoms,0.1,0.1,0.1
ORLY,0.05,0.05,0.05
OXO,0.01,0.01,0.01
OYO Hotels,0.11,0.11,0.11
Oakley,0.04,0.04,0.04
Oakley Standard Issue,0.02,0.02,0.02
Obvi,0.025,0.025,0.025
Oculus,0.01,0.02,0.01
Ode à la Rose,0.025,0.025,0.025
Office Depot and OfficeMax,0.04,0.04,0.04
OfficeDesigns.com,0.03,0.03,0.03
OfficeFurniture.com,0.02,0.02,0.02
OfficeFurniture2Go,0.05,0.05,0.05
Ogee,0.025,0.025,0.025
Oka b.,0.025,0.025,0.025
Olay,0.1,0.1,0.1
Old Navy,0.04,0.02,0.02
Old Navy Canada,0.02,0.02,0.02
Old Time Candy,0.04,0.04,0.04
Ole Henriksen,0.02,0.02,0.02
Olight,,,0.05
Olive Garden Gift Cards,0.01,0.01,0.01
Olivela,0.06,0.06,0.1
Oliver Gal,0.025,0.025,0.025
Olympia Sports,0.06,0.06,0.06
Omaha Steaks,0.02,0.02,0.02
Omaze,0.02,0.02,0.02
Omio,0.02,0.02,0.02
Omorovicza,0.05,0.05,0.05
Omron Healthcare,0.01,0.01,0.01
On Campus Marketing,0.04,0.04,0.04
OnCourse Learning,0.03,0.03,0.03
One Hanes Place,0.03,0.03,0.03
One Skin,0.025,0.025,0.025
OnePlus,0.07,0.07,0.07
Oneida,0.04,0.04,0.04
Onepiece,0.025,0.025,0.025
Online Amish Furniture,0.02,0.02,0.02
Online Fabric Store,0.015,0.015,0.015
Onlineshoes.com,0.045,0.045,0.045
Only Natural Pet,0.025,0.025,0.025
Onnit,0.025,0.025,0.025
Onzie,0.025,0.025,0.025
Optimum Nutrition,0.04,0.05,0.05
Oracle Lighting,0.04,0.04,0.04
Oral-B,0.04,0.04,0.04
Ora’s Amazing Herbal,0.05,0.05,0.05
Orbitz,0.035,0.035,0.035
Orgain,0.1,0.1,0.1
Organic Baby Food,0.05,0.05,0.05
Oriental Trading Company,0.02,0.02,0.02
Original Penguin,0.025,0.025,0.025
Origins,0.03,0.03,0.03
Orion Telescopes and Binoculars,0.03,0.03,0.03
Ornament Shop,0.025,0.025,0.025
Orvis,0.025,0.025,0.025
Oscar de la Renta,0.01,0.01,0.01
OshKosh B'gosh,0.06,0.04,0.01
Other World Computing,0.025,0.025,0.015
OtterBox,0.05,0.05,0.05
Ouidad,0.04,0.04,0.04
Outdoor Cooking,0.05,0.05,0.05
Outdoor Gear Exchange,,,0.03
Outdoor Voices,0.01,0.01,0.03
Outdoorplay,0.01,0.01,0.01
Overnight Flowers,0.075,0.075,0.075
Overnight Glasses,0.05,0.05,0.05
Overnight Prints,0.1,0.1,0.1
Overstock.com,0.04,0.02,0.02
Overton's,0.02,0.02,0.02
Owlet,0.03,0.03,0.03
P.E. Nation,0.04,0.04,0.04
P.volve,0.05,0.05,0.05
PANDORA Jewelry,0.01,0.01,0.01
PC Richard & Son,0.01,0.01,0.01
PEDRO,0.035,0.035,0.035
PRAI Beauty,0.05,0.05,0.05
PRANA Organic,0.025,0.025,0.025
PRO-Keds,0.05,0.05,0.05
PUMA,0.055,0.055,0.055
PYT Beauty,0.06,0.06,0.06
PacSun.com,0.01,0.02,0.01
Pacific Coast Feather,0.04,0.04,0.04
Pacifica,0.03,0.05,0.05
Packs Project,0.035,0.035,0.035
Paige,0.04,0.04,0.04
PaintYourLife.com,0.03,0.03,0.03
Pair of Thieves,0.03,0.03,0.03
PalmBeach Jewelry,0.05,0.05,0.05
Pam and Gela,0.06,0.06,0.06
Pamela Love,0.03,0.03,0.03
Papa & Barkley,0.03,0.03,0.03
Paper Mart,0.015,0.015,0.015
Parachute,0.03,0.03,0.03
Paragon Sports,0.04,0.04,0.04
Parallels,0.05,0.05,0.05
Paravel,0.06,0.06,0.06
Paris Las Vegas,0.025,0.025,0.025
Parisa Wang,0.04,0.04,0.04
Park Inn,0.03,0.03,0.03
Park ‘N Fly,0.01,0.01,0.01
ParkSleepFly,0.1,0.1,0.1
Partake,0.025,0.025,0.025
Pat McGrath Labs,0.04,0.04,0.04
PatBo,0.025,0.025,0.025
Patagonia,0.01,0.01,0.01
Patagonia Provision,0.02,0.02,0.02
PatchMD,0.07,0.07,0.07
Patio Products USA,0.025,0.025,0.025
Patrick Ta Beauty,0.04,0.04,0.04
Paul Fredrick,0.04,0.04,0.04
Paul Smith,0.025,0.025,0.025
Paula Young,0.01,0.01,0.01
Paula's Choice Skincare,0.035,0.035,0.035
Pavilions,0.01,0.01,0.01
Peace Out Skincare,0.04,0.04,0.04
Peach & Lily,0.035,0.035,0.035
Peacock Alley,0.04,0.04,0.04
Peet's Coffee,0.1,0.1,0.1
Pelican Water,0.05,0.05,0.05
Peltz Shoes,0.05,0.05,0.05
Penningtons,0.02,0.02,0.02
People's Jewellers,0.03,0.03,0.03
Perfect Memorials,0.03,0.03,0.03
Perfumania,0.03,,
Perfume.com,0.02,0.02,0.02
Perpetual Shade,0.04,0.04,0.04
Perricone MD,0.09,0.09,0.09
Perry Ellis,0.025,0.025,0.025
Persol,0.02,0.02,0.02
Persona Nutrition,0.125,0.125,0.125
Personalabs,0.05,0.05,0.05
Personalization Mall,0.05,0.05,0.05
Peruvian Connection,0.025,0.025,0.025
PetCareRx,0.06,0.06,0.06
PetFlow,0.04,0.04,0.04
PetHonesty,0.04,0.04,0.04
PetMate,0.05,0.05,0.05
PetPlate,,,0.125
PetSafe,0.06,0.06,0.06
PetSmart,0.01,0.01,0.01
Petco,0.01,0.01,0.01
Peter Millar,0.015,0.015,0.015
Peter Thomas Roth,0.04,0.04,0.04
Pevonia,0.05,0.05,0.05
Pfaltzgraff,0.04,0.04,0.04
Pharmaca,0.04,0.04,0.04
Pharmapacks,0.035,0.035,0.035
Philips,0.075,0.075,0.075
Philips Hue,0.025,0.025,0.025
PhoneSoap,0.025,0.025,0.025
Photography.com,0.02,0.02,0.02
Physician's Choice,0.04,0.04,0.04
Physicians Formula,0.03,0.03,0.03
Pictureframes.com,0.035,0.035,0.035
Pier 1,0.03,0.03,0.03
Pikolinos,0.06,0.06,0.06
Pimsleur Language Program,0.075,0.075,0.075
PinkBlush,0.02,0.02,0.02
Piper,0.03,0.03,0.03
Pipette,0.08,0.04,0.04
Pistola Denim,0.04,0.04,0.04
Pit Viper,0.03,0.03,0.03
Pixi Beauty,0.05,0.05,0.06
Planet Hollywood Resort & Casino,0.025,0.025,0.025
Plant People,0.075,0.075,0.075
Plant Therapy,0.01,0.01,0.01
Playboy,0.03,0.03,0.03
Plow and Hearth,0.04,0.04,0.04
Plum Guide,0.025,0.025,0.025
Pluralsight,0.1,0.1,0.1
PlusCBD,0.15,0.15,0.15
Plush Necessities,0.035,0.035,0.035
Polaroid,0.015,,
Poly,0.015,0.03,0.03
Polynesian Cultural Center,0.05,0.05,0.05
Pond5,0.045,0.04,0.04
PopSockets,0.05,0.04,0.04
Popcornopolis,0.025,0.025,0.025
Porsche Design,0.04,0.04,0.04
Portal from Facebook,0.015,0.015,0.015
Positive Grid,0.025,0.025,0.025
Positive Promotions,0.025,0.01,0.01
Power Systems,0.05,0.05,0.05
PowerDot,0.025,0.025,0.025
Precious Moments,0.05,0.05,0.05
Premium Bandai,0.02,0.02,0.02
Pretty Litter,0.5,0.5,
PrettyLittleThing,0.03,0.03,0.03
Priceline,0.04,0.04,0.05
Prima,0.075,0.075,0.075
Primal Life Organics,0.025,0.025,0.025
Primal Wear,0.04,0.04,0.04
Prime Chop,0.05,0.05,0.05
Princess Polly,0.025,0.025,0.025
Private Internet Access,0.2,0.2,0.2
Prive Revaux,0.05,0.05,0.05
ProBikeKit.com,0.0125,0.0125,0.0125
ProFlowers,0.1,0.1,0.1
Proactiv,0.02,0.02,0.02
Proenza Schouler,0.02,0.02,0.02
Professional Supplement Center,0.04,0.04,0.04
Project Nursery,0.05,0.05,0.05
Proper,0.04,0.04,0.04
Proviz,0.035,0.035,0.035
PsPrint,0.04,0.04,0.04
Psycho Bunny,0.05,0.05,0.05
Public Desire,0.02,0.02,0.02
Public Goods,0.025,0.025,0.025
Pura Vida Bracelets,0.025,0.025,0.025
PureFormulas,0.02,0.02,0.02
PureVPN,0.125,0.125,0.125
PureWine,0.05,0.05,0.05
Pureology,0.035,0.035,0.035
Puritan's Pride,0.02,0.02,0.02
Purple,0.02,0.02,0.02
PÜR The Complexion Authority,0.06,0.06,0.06
QALO,0.04,0.04,0.04
QVC,0.01,0.1,0.01
Quality Inn by Choice Hotels,0.03,0.01,0.01
Quay Australia,0.05,0.05,0.05
Quiksilver,0.015,0.015,0.015
Quill.com,0.05,0.05,0.05
Quince,0.01,0.01,0.01
Qustodio,0.1,0.1,0.1
R1 Concepts,0.025,0.025,0.025
REALHER,0.05,0.05,0.05
REN Skincare,0.04,0.04,0.04
RISE Brewing Co.,,0.03,0.03
ROMWE,0.05,0.05,0.05
RST Brands,0.04,0.04,0.04
RVCA,0.015,0.015,0.015
RVshare,0.03,0.03,0.03
RaceChip,0.065,0.065,0.065
Rachel Ashwell Shabby Chic Couture,0.05,0.05,0.05
Rachel Pally,0.035,0.035,0.035
Rachel Zoe,0.04,0.04,0.04
Rachio,0.035,0.035,0.035
Rack Room Shoes,0.01,0.01,0.01
Rad Power Bikes,0.05,0.04,0.04
Radisson Blu,0.03,0.03,0.03
Radisson Hotels & Resorts,0.025,0.025,0.025
Radley London,0.03,0.03,0.03
Rael,0.025,0.025,0.025
Rainbow Shops,0.03,0.03,0.03
Raise.com,0.01,0.01,0.01
Rakuten Dining,0.05,0.05,0.05
Rakuten Gift Card Shop,0.13,0.1,0.13
Rakuten Global Express,0.05,0.05,0.05
Ramy Brook,0.02,0.02,0.02
Randalls,0.01,0.01,0.01
Randolph Engineering,0.04,0.04,0.04
Rapala,0.03,0.03,0.03
Raptic,0.075,0.075,0.075
Rastaclat,0.025,0.025,0.025
Raw Generation,0.03,0.03,0.03
Rawlings Sporting Goods,0.025,0.025,0.025
Ray-Ban,0.05,0.05,0.04
Raymour & Flanigan,0.02,0.02,0.02
Razer,0.0175,0.0175,0.0175
ReStockIt,0.03,0.03,0.03
ReVive,0.04,0.04,0.04
Readers.com,0.075,0.075,0.075
Rebecca Minkoff,0.03,0.03,0.03
Rebecca Taylor,0.035,0.035,0.035
Red Dress,0.025,0.025,0.025
Red Roof Inn,0.035,0.035,0.035
RedShelf,,,0.025
Redbox,,0.02,0.02
Redbubble,0.05,0.06,0.04
Redline Steel,0.03,0.03,0.03
Reebok,0.02,0.02,0.02
Reeds Jewelers,0.05,0.05,0.05
Reef + Ledge,0.03,0.03,0.03
Reef.com,0.02,0.02,0.02
Refurb.io,0.02,0.02,0.02
Reiss Online,0.03,0.03,0.03
Remind Insoles,0.035,0.035,0.035
Renaissance Hotels and Resorts,0.04,0.045,0.045
Rene Furterer,0.04,0.04,0.04
Renee Rouleau,0.04,0.04,0.04
Renew Life,0.1,0.1,0.1
Renogy,0.02,0.02,0.02
Rent the Runway,0.01,0.01,0.01
Rentalcars.com,0.05,0.05,0.05
RepairClinic,0.03,0.03,0.03
"Replacements, Ltd.",0.035,0.035,0.035
ReserveBar,0.02,0.02,0.02
Residence Inn,0.04,0.045,0.045
Restaurant.com,0.175,0.175,0.175
RevZilla,0.02,0.02,0.02
Revinia,0.05,0.05,0.05
RevitaLash Cosmetics,0.05,0.05,0.05
Revo,0.05,0.05,0.05
Revolution Beauty,0.04,0.04,0.04
Rheos,0.025,0.025,0.025
Rhone,0.025,0.025,0.025
Rifle Paper Co.,0.01,0.01,0.01
Rio Las Vegas,0.025,0.025,0.025
Ripley's Believe It or Not,0.05,0.05,0.05
Ritani,0.02,0.02,0.02
Rite Aid,0.025,0.025,0.025
River Island,0.025,0.025,0.025
Riverbend Home,0.02,0.02,0.02
RoC Skincare,0.03,0.03,0.03
Road Runner Sports,0.0175,0.0175,0.0175
Robert Graham,0.03,0.03,0.03
Rock Bottom Golf,0.015,0.015,0.015
Rocket Dog,0.04,0.04,0.04
Rockport.com,0.03,0.03,0.03
Rodeway Inn by Choice Hotels,0.03,0.01,0.01
Roller Rabbit,0.03,0.03,0.03
Roller Skate Nation,0.03,0.03,0.03
Roots,0.01,0.01,0.01
RoseGal,0.025,0.025,0.025
Roses Only,0.05,0.05,0.05
Rosetta Stone,0.035,0.035,0.035
Ross-Simons,0.03,0.03,0.03
Rothy's,0.015,0.015,0.015
Roxy,0.015,0.015,0.015
Royal Albert,0.03,0.03,0.03
Roztayger,0.035,0.035,0.035
Ruby Love,0.025,0.025,0.025
Rue La La,0.01,,
RugStudio,0.015,0.015,0.015
Ruggable,0.02,0.02,0.02
Rugs USA,0.01,0.01,0.01
Running Room,0.04,0.04,0.04
Russell Stover,0.05,0.05,0.05
Ryka,0.03,0.03,0.03
S'well,0.03,0.03,0.03
SAXX Underwear,0.03,0.03,0.03
SHEEX,0.01,0.01,0.01
SHEFIT,0.01,0.01,0.01
SHEIN,0.05,0.05,0.05
SIMPLE Mobile,0.04,0.04,0.04
SK-II,0.03,0.03,0.03
SKIMS,0.01,0.01,0.01
SKLZ,0.05,0.05,0.05
SKY by Gramophone,0.03,0.03,0.03
SKYLUM,0.1,0.1,0.1
SLEEFS,0.055,0.055,0.055
SPANX,0.015,0.015,0.015
SSENSE,0.03,0.03,0.03
SUPCASE,0.04,0.04,0.04
Saatchi Art,0.04,0.04,0.04
Saatva,0.015,0.015,0.015
Sabon,0.04,0.04,0.04
Sachin & Babi,0.1,0.1,0.1
Safety 1st,0.03,0.03,0.03
Safeway,0.01,0.01,0.01
SageFinds,0.05,0.05,0.05
Saint James,0.05,0.05,0.05
Sakara Life,0.05,0.1,0.05
Saks Fifth Avenue,0.02,0.02,0.02
Saks OFF 5TH,0.02,0.02,0.02
Sally Beauty,0.04,0.04,0.04
Salt Life,0.01,0.01,0.01
Sam Ash,0.0425,0.0425,0.0425
Sam Edelman,0.035,0.035,0.035
Sam's Club,0.08,0.08,0.08
Samsonite,0.025,0.025,0.025
Samsung,0.03,0.06,0.1
Sanctuary Clothing,0.04,0.04,0.04
Sanuk Footwear,0.04,0.04,0.04
Sarah Flint,0.02,0.02,0.02
Saturdays NYC,0.035,0.035,0.035
Satya Jewelry,0.025,0.025,0.025
Saucey,0.02,0.02,0.02
Saucony,0.04,0.04,0.04
Savannahs,0.04,0.04,0.04
SaveAround,0.035,0.035,0.035
Savory Spice,0.03,0.03,0.03
Scandinavian Designs,0.015,0.015,0.015
Schick,0.05,0.05,0.05
SchoolMaskPack,0.025,0.025,0.025
Schoolhouse,0.03,0.03,0.03
Schutz Shoes,0.04,0.04,0.04
Scotch & Soda,0.05,0.05,0.05
Scotch Porter,0.075,0.075,0.075
Scrubs & Beyond,0.04,0.04,0.04
Sea New York,0.05,0.05,0.05
SeaBear.com,0.02,0.02,0.02
SeaVees,0.02,0.02,0.02
SeaWorld,0.025,0.025,0.025
Sears,0.01,0.01,0.01
Seavenger,0.03,0.03,0.03
See's Candies,0.03,0.05,0.03
SelectATicket,0.035,0.035,0.035
Selfridges US,0.03,0.03,0.03
SendFlowers,0.16,0.16,0.16
Sennheiser,0.03,0.03,0.03
Senreve,0.03,0.03,0.03
Sephora,0.02,0.06,0.06
Serta,0.03,0.03,0.03
Sesame Place,0.025,0.025,0.025
Setapp,0.05,0.05,0.05
Sgt. Grit Marine Specialties,0.02,0.02,0.02
Shari's Berries,0.04,0.04,0.04
Shark,0.02,0.02,0.02
Sharon Osbourne Home,0.025,0.025,0.025
Sharper Image,0.04,0.03,0.03
Shaw's,0.01,0.01,0.01
Sheertex,0.04,0.04,0.03
Sheet Music Plus,0.04,0.04,0.04
SheetWorld,0.04,0.04,0.04
ShelterLogic,0.03,0.03,0.03
Shiekh Shoes,0.01,0.01,0.01
Shinesty,0.03,0.03,0.03
Shire City Herbals Fire Cider,0.05,0.05,0.05
Shiseido,0.02,0.02,0.02
Shock Doctor,0.05,0.05,0.05
Shoe Carnival,0.02,0.02,0.02
Shoe Palace,0.025,0.025,0.025
ShoeMall,0.07,0.07,0.06
Shoebacca,0.05,0.05,0.05
Shoenvious,0.025,0.025,0.025
Shoes.com,0.04,0.04,0.04
Shop Bazaar,0.04,0.04,0.04
Shop LC,0.015,0.015,0.015
Shop Premium Outlets,0.035,0.035,0.035
Shop.NHL.com,0.01,0.01,0.01
ShopPBS,0.035,0.035,0.035
ShopWorn,0.02,0.02,0.02
Shopbop,0.04,0.02,0.02
Shoplet.com,0.03,0.03,0.03
Shore Magic,0.035,0.035,0.035
Show Me Your Mumu,0.01,0.01,0.01
Showers Pass,0.035,0.035,0.035
Shu Uemura,0.03,0.03,0.03
Shu Uemura Art of Hair,0.1,0.1,0.1
Shutterfly,0.02,0.01,0.01
Shutterstock,0.02,0.02,0.02
SiO Beauty,0.05,0.05,0.05
Sierra,0.025,0.02,0.02
Sigma Beauty,0.03,0.03,0.03
Sijo,0.015,0.015,0.015
Silk'n,0.0425,0.0425,0.0425
Silpada,0.015,0.015,0.015
Silver Cuisine by BistroMD,0.025,0.04,0.04
Silver Jeans,0.015,0.015,0.015
Simmons,0.025,0.025,0.025
Simons,0.02,0.02,0.02
SimpleTire,0.0375,0.0375,0.0375
Simpli Home,0.03,0.03,0.03
Simply Chocolate,0.015,0.015,0.015
Singing Machine,0.03,0.03,0.03
Sixt Rent A Car,0.04,0.04,0.04
Sizzlefish,0.025,0.025,0.025
Skagen,0.01,0.01,0.01
Skechers,0.03,0.03,0.03
Skill Success,0.075,0.075,0.075
SkinCareRx,0.04,0.04,0.04
SkinCeuticals,0.03,0.03,0.03
SkinStore,0.04,0.04,0.04
Skip Hop,0.01,0.01,0.01
Skylar,0.02,0.02,0.02
Skylar Yoo,0.03,0.03,0.03
Skyn ICELAND,0.05,0.05,0.05
Sleep Inn by Choice Hotels,0.03,0.01,0.01
Sleeping Baby,0.03,0.03,0.03
Sleepiphany,0.03,0.03,0.03
Slumberkins,0.05,0.05,0.05
Smalls,0.1,0.1,0.1
SmartBuyGlasses,0.025,0.025,0.025
Smartass & Sass,0.05,0.05,0.05
Smartwool,0.04,0.1,0.08
Smashbox,0.04,0.04,0.04
Smelly Proof,0.025,0.025,0.025
Smile Direct Club,0.025,0.025,0.025
Smile Makers,0.025,0.025,0.025
Smithey Ironware Co.,0.03,0.03,0.03
Snap Supplements,,0.025,0.025
Snapfish,0.05,0.05,0.05
SoClean,0.01,0.01,0.01
Sobelia,0.025,0.025,0.025
Society6,0.025,0.025,0.025
SodaStream,0.025,0.025,0.025
SoftWalk,0.04,0.04,0.04
Soia and Kyo,0.02,0.02,0.02
Soko Glam,0.05,0.05,0.05
Sol de Janeiro,0.06,0.06,0.06
Solari Hemp,0.1,0.1,0.1
Solgaard,0.05,0.05,0.05
Solly Baby,0.025,0.025,0.025
Solé Bicycles,0.025,0.025,0.025
Soma Intimates,0.01,0.04,0.01
Something Navy,0.05,0.05,0.05
Songmics,0.025,0.025,0.025
Sonos,0.01,0.01,0.01
Sorel,0.03,0.03,0.03
Soul CBD,0.05,0.05,0.05
Sovereign Laboratories,0.05,0.065,0.065
Spa & Wellness Gift Card,0.04,0.04,0.04
SpaRitual,0.035,0.035,0.035
Space NK,0.025,0.025,0.025
SpaceMask,0.06,0.06,0.06
Spafinder Wellness 365,0.04,0.04,0.04
Speck,0.025,0.025,0.025
Speechless,0.05,0.05,0.05
Speedo USA,0.02,0.02,0.02
Spektrum Glasses,0.05,0.05,0.05
Spencer Barnes LA,0.055,0.055,0.055
Spencer's Gifts,0.015,0.015,0.015
Sperry,0.035,0.035,0.035
Spirit Halloween,0.02,0.02,0.02
Splashe,0.025,0.025,0.025
Splendid,0.05,0.05,0.05
Splits59,0.04,0.04,0.04
Spongelle,0.04,0.04,0.04
Spoonflower,0.04,0.04,0.04
Sportsman's Guide,0.025,0.025,0.025
SpringHill Suites,0.04,0.045,0.045
Springboard,0.025,0.025,0.025
Spy Associates,0.03,0.03,0.03
Spy Optic,0.025,0.025,0.025
Spyder,0.015,0.015,0.015
St. John Knits,0.03,0.03,0.06
St. Tropez,0.035,0.035,0.075
StackedSkincare,0.035,0.035,0.035
Stacy Adams,0.025,0.025,0.025
Stadium Goods,0.03,0.03,0.03
Stags' Leap,0.035,0.035,0.035
Standard Textile,0.04,0.04,0.04
Stanley,0.03,0.03,0.03
Staples,0.02,0.02,0.02
Staples Copy and Print,0.05,0.05,0.05
Star Market,0.01,0.01,0.01
Starlight Lighting,0.04,0.04,0.04
State,0.025,0.025,0.025
State Cashmere,0.04,0.04,0.04
State Line Tack,0.03,0.03,0.03
Station Casinos,0.025,0.025,0.025
StayBridge Suites by IHG,0.03,0.03,0.03
SteelSeries,0.02,0.02,0.02
Steepandcheap.com,0.03,0.03,0.03
Step2,0.04,0.04,0.04
Sterling Forever,0.05,0.05,0.05
Sterling Vineyards,0.035,0.035,0.035
Steve Madden,0.02,0.02,0.02
StickerYou,0.025,0.025,0.025
Stila Cosmetics,0.035,0.035,0.035
Stio.com,0.03,0.03,0.03
Stitch Golf,0.02,0.03,0.03
StockX,0.01,0.01,0.01
StockYards,0.025,0.025,0.025
Stonewall Kitchen,0.04,0.04,0.04
Stop Aging Now,0.03,0.03,0.03
Storets,0.01,0.01,0.01
Straight Talk,0.04,0.04,0.04
StrawberryNET,0.04,0.04,0.04
StriVectin,0.04,0.04,0.04
Stride Rite,0.015,0.015,0.015
Stuart Weitzman,0.06,0.06,0.1
StubHub,0.02,0.02,0.02
Style Passport,0.02,0.02,0.02
Suburban Extended Stay by Choice Hotels,0.03,0.01,0.01
SugarBearHair,0.05,0.05,0.05
Sulwhasoo,0.015,0.015,0.015
Sundry,0.05,0.05,0.05
Sunglass Hut,0.04,0.04,0.04
Sunglass Outlet,0.05,0.05,0.05
Sunglass Warehouse,0.075,0.075,0.075
Sunny Sports,0.025,0.025,0.025
Sunski,0.025,0.025,0.025
Super Jeweler,0.04,0.04,0.04
Super Naturals Health,0.5,0.5,0.5
Superdry,0.03,0.03,0.03
Superfeet,0.02,0.02,0.02
Superga,0.03,0.03,0.03
Supergoop,0.03,0.03,0.03
Supersmile,0.04,0.04,0.04
Supplement Hunt,0.05,0.05,0.05
SuppliesOutlet,0.085,0.085,0.085
Supreme Suspensions,0.025,0.025,0.025
SureFit,0.05,0.05,0.05
Surfshark,0.3,0.6,0.3
SuzanneSomers.com,0.04,0.04,0.04
Swann,0.03,0.03,0.03
Swanson,0.03,0.03,0.03
Sweet Chef,0.055,0.055,0.055
Sweet Night,0.06,0.06,0.06
Swiss Army,0.04,0.04,0.04
Swiss Diamond,0.05,0.05,0.05
Swiss International Air Lines,0.01,0.01,0.01
Swyft Filings,0.02,0.02,0.02
Sylvane,0.02,0.02,0.02
Szul.com,0.03,0.03,0.03
T.M.Lewin,0.04,0.04,0.04
T3,0.04,0.04,0.04
TCM Store,0.025,0.025,0.025
TEMPTU Pro,0.05,0.05,0.05
TGW The Golf Warehouse,0.015,0.015,0.015
THAKOON,0.03,0.03,0.03
THE YES,0.03,,
TOMS,0.04,0.08,0.04
TOMS Surprise Sale,0.015,0.015,0.015
TPH By Taraji,0.03,0.03,0.03
TREBLAB,0.07,0.07,0.07
TRX Training,0.025,0.025,0.04
TUMI,0.01,0.01,0.01
TUSHY,0.02,0.02,0.02
TV Store Online,0.075,0.075,0.075
Tablet Hotels,0.015,0.015,0.015
TackleDirect,0.015,0.015,0.015
Tailored Pet Nutrition,0.06,0.06,0.06
Takeya,0.025,0.025,0.025
Tamara Mellon,0.04,0.04,0.04
Tanga,0.01,0.01,0.01
Taos Footwear,0.05,0.05,0.05
Target,0.01,0.01,0.01
Target Optical,0.03,0.03,0.06
Targus,0.04,0.04,0.04
Tata Harper Skincare,0.04,0.04,0.04
Tatcha,0.04,0.04,0.04
TaxAct,0.05,0.05,0.05
TaxSlayer,0.05,0.05,0.05
Taylor Stitch,0.025,0.025,0.025
TaylorMade Golf,0.01,0.01,0.01
Teadora Beauty,0.075,0.075,0.075
Tech for Less,0.03,0.03,0.03
Ted Baker,0.04,0.1,0.07
Teleflora Flowers,0.1,0.1,0.1
Teleties,0.04,0.04,0.04
Temptu,0.05,0.05,0.05
Tempur-Pedic,0.03,0.03,0.03
Tenergy Power,0.04,0.04,0.04
Tervis,0.03,0.03,0.03
Tessabit,0.05,0.05,0.05
TestMax Prep,0.02,0.02,0.02
Teva,0.04,0.04,0.04
TextbookX.com,0.0325,0.0325,0.0325
Textbooks.com,0.02,0.02,0.02
The Adventure Challenge,0.025,0.025,0.025
The Animal Rescue Site,0.01,0.01,0.01
The Art of Shaving,0.04,0.04,0.08
The Body Shop,0.03,0.03,0.08
The Book Depository,0.025,0.025,0.025
The Bouqs Company,0.06,0.06,0.06
The Children's Place,0.015,0.015,0.03
The Company Store,0.02,0.02,0.02
The Container Store,0.015,0.015,0.015
The Design Network,0.015,0.015,0.015
The FretWire,0.025,0.025,0.025
The Fruit Company,0.015,0.015,0.015
The Frye Company,0.05,0.05,0.05
The Gallery Collection,0.02,0.02,0.125
The Great Courses,0.025,0.025,0.025
The Grommet,0.01,0.01,0.01
The Halloween Spot,0.05,0.05,0.05
The Happy Planner,0.02,0.02,0.02
The Honest Bison,0.03,0.03,0.03
The Honest Company,0.01,0.01,0.01
The House,0.045,0.045,0.045
The Hungry JPEG,0.025,0.025,0.025
The Knot Invitations,0.03,0.05,0.05
The Kooples,0.03,0.03,0.03
The LINQ Hotel + Experience,0.025,0.025,0.025
The Last Coat,0.05,0.05,0.05
The Laundress,0.03,0.03,0.03
The London Pass,0.015,0.015,0.015
The Luxury Closet,0.05,0.05,0.05
The Maca Team,0.07,0.07,0.07
The Met,0.025,0.025,0.025
The Mint Julep Boutique,0.035,0.035,0.035
The Mountain,0.02,0.02,0.02
The New York Times Store,0.05,0.05,0.05
The New Yorker,0.3,0.3,0.3
The North Face,0.02,0.02,0.02
The Office of Angela Scott,0.02,0.02,0.02
The Outnet,0.015,0.015,0.015
The Paper Store,0.03,0.03,0.03
The Paris Pass,0.015,0.015,0.015
The Parking Spot,0.025,0.025,0.025
The Pearl Source,0.035,0.035,0.035
The Perfect Rug,0.065,0.065,0.065
The Perfume Spot,0.025,0.025,0.025
The Pink Lily Boutique,0.035,0.035,0.035
The Popcorn Factory,0.025,0.025,0.025
The Princeton Review,0.02,0.02,0.02
The Royal Mint,0.025,0.025,0.025
The Sak,0.06,0.06,0.06
The Shade Store,0.01,0.01,0.01
The Supplies Shops,0.03,0.03,0.03
The Tot,0.02,0.02,0.02
The Venetian Las Vegas,0.01,0.01,0.01
The Webster,0.03,0.03,0.03
The White Company,0.03,0.03,0.03
TheRealReal,0.025,0.025,
Theory,0.02,0.02,0.02
Theory Outlet,0.02,0.02,0.02
Therabody,0.03,0.03,0.03
ThinOptics,0.05,0.05,0.05
Things Remembered,0.04,0.04,0.04
Thorlos,0.05,0.05,0.05
Threadless,0.015,0.015,0.015
Threads 4 Thought,0.035,0.035,0.035
Thrifty Car Rental,0.03,0.03,0.03
Thrive Market,0.01,0.01,0.01
Thymes,0.02,0.02,0.02
Ticket Club,0.25,0.25,0.25
Ticket Liquidator,0.05,0.05,0.05
TicketCity,0.03,0.03,0.03
TicketLite,0.1,0.1,0.1
TicketSmarter,0.03,0.03,0.03
Ticketnetwork.com,0.04,0.04,0.04
TicketsNow,0.03,0.03,0.03
TigerDirect,0.015,0.015,0.015
Tile,0.02,0.02,0.02
Tilley Endurables,0.02,0.02,0.02
Timberland,0.02,0.02,0.02
Time For Me Catalog,0.025,0.025,0.025
Time Life,0.02,0.02,0.02
Timex,0.025,0.025,0.025
Tiny Prints,0.01,0.01,0.01
Tinyhood,0.025,0.025,0.025
Tipsy Elves,0.05,0.05,0.05
Tire America,0.03,0.03,0.03
Tire Rack,0.03,0.03,0.03
TireMart,0.03,0.03,0.03
Tirebuyer.com,0.03,0.03,0.03
Tod's,0.03,0.03,0.03
Todd Snyder,0.01,0.01,0.01
Tom Thumb,0.01,0.01,0.01
Tommy Bahama,0.01,0.01,0.01
Tommy Hilfiger,0.025,0.025,0.025
Tommy John,0.01,0.01,0.01
Toner Buzz,0.04,0.04,0.04
Tonies,0.02,0.02,0.02
Tony Robbins,0.075,0.075,0.075
Too Faced Cosmetics,0.05,0.05,0.05
Toolbarn,0.015,0.015,0.015
ToolsToday,0.015,0.015,0.015
Top Villas,0.02,0.02,0.02
Topdrawer,0.03,0.03,0.03
Tory Burch,0.02,0.02,0.02
Total Diabetes Supply,0.02,0.02,0.02
Total Gym,0.015,0.015,0.015
Total Wireless,0.04,0.04,0.04
Totes,0.04,0.04,0.04
Tous,0.03,0.03,0.03
TownePlace Suites,0.04,0.045,0.045
Toynk Toys,0.04,0.04,0.04
TracFone,0.04,0.04,0.04
Tractive,0.1,0.1,0.1
Tractor Supply Company,0.01,0.01,0.01
Trade Coffee,0.05,0.05,0.05
Traeger Grills,0.02,0.02,0.02
Trampoline Parts and Supply,0.05,0.05,0.05
Transform HQ,0.02,0.02,0.02
Transformer Table,0.01,0.01,0.01
Trask,0.035,0.035,0.035
Travelocity,0.035,0.035,0.035
Trend Micro,0.1,0.1,0.1
TriggerPoint,0.035,0.035,0.035
Trina Turk,0.025,0.025,0.025
Trip.com,0.025,0.025,0.025
Tripadvisor,0.045,0.045,0.045
Trish McEvoy,0.03,0.03,0.03
Trophy Skin,0.02,0.02,0.06
Tropicfeel,0.05,0.05,0.05
Trotters,0.04,0.04,0.04
Troy-Bilt,0.035,0.035,0.035
Tru Earth,,,0.015
True Botanicals,,0.04,0.04
True Leaf Market,0.015,0.015,0.015
True Religion,0.025,0.025,0.025
Trunk Club,0.05,0.05,0.05
Trust & Will,0.05,0.05,0.05
Truth Treatments,,0.05,0.05
Tuckernuck,0.02,0.02,0.025
Tuft & Needle,0.025,0.025,0.025
Tula Skincare,0.02,0.02,0.02
Tulo,0.035,0.035,0.035
TundraFMP Restaurant Supply,0.04,0.04,0.04
TunnelBear,0.5,0.5,0.5
Turbie Twist,0.045,0.045,0.045
TurboTax,0.075,0.075,0.075
TurnKey Vacation Rentals,0.025,0.025,0.025
Turntable Lab,0.02,0.02,0.02
Turtle Beach,0.025,0.025,0.025
Twillory,0.01,0.01,0.01
U Beauty,0.07,0.07,0.07
U.S. Outdoor,0.04,0.04,0.04
U.S. Polo Assn.,0.02,0.02,0.02
UGG,0.02,0.02,0.02
UGears,0.05,0.05,0.05
UNIONBAY,0.025,0.025,0.025
UNIQLO,0.035,0.01,0.01
UNTUCKit,0.015,0.015,0.015
Uber Eats,0.21,0.21,0.21
Ubisoft,0.02,0.02,0.02
Udemy,0.075,0.075,0.075
UglyChristmasSweater,0.075,0.075,0.075
Ulla Popken,0.04,0.04,0.04
Ulta Beauty,0.03,0.03,0.03
Umbra,0.015,0.015,0.015
Umbro,0.075,0.075,0.075
Unbeatable Sale,0.06,0.06,0.06
Under Armour,0.06,0.06,0.04
Undercover Tourist,0.01,0.01,0.01
Uniform City,0.04,0.04,0.04
Universal Standard,0.025,0.025,0.025
University of Florida Bookstore,,0.02,0.02
University of Michigan Ulrich’s Bookstore,,0.02,0.02
University of South Carolina Bookstore,,0.02,0.02
UntilGone.com,0.04,0.04,0.04
UpTrade,0.02,0.02,0.02
UpWest,0.03,0.03,0.03
Upsie,0.05,0.05,0.05
Urban Decay,0.03,0.075,0.075
Urban Outfitters,0.01,0.01,0.01
UrbanStems,0.03,0.03,0.03
UsedPhotoPro,0.025,0.025,0.025
Utrecht Art Supplies,0.015,0.015,0.015
VIDA,0.025,0.025,0.025
VIP Outlet,0.01,0.01,0.01
VIPRE Antivirus,0.375,0.375,0.375
VSP,0.015,0.015,0.015
Vagisil,0.03,0.03,0.03
Vahdam Teas,0.03,0.03,0.03
ValueMags,0.2,0.2,0.2
Vamps NYC,0.03,0.02,0.02
Van Heusen,0.03,0.03,0.03
Vanity Planet,0.1,0.1,0.1
Vans,0.02,0.02,0.02
Vault,0.1,0.1,0.1
Veestro,0.08,0.08,0.08
Vega,0.025,0.025,0.025
Vegamour,0.04,0.04,0.04
Vegas.com,0.035,0.035,0.035
Vejo,0.025,0.025,0.025
Velvet by Graham & Spencer,0.05,0.05,0.05
Vera Bradley,0.02,0.02,0.02
Vera Bradley Online Outlet,0.02,0.02,0.02
Verishop,0.12,0.12,0.06
Veronica Beard,0.03,0.06,0.06
Versed,0.03,0.03,0.03
Vessi,0.03,0.03,0.03
Vestiaire Collective,0.025,0.025,0.025
Vevor,0.015,0.015,0.015
ViX Swimwear,0.03,0.03,0.03
Viator - A TripAdvisor Company,0.08,0.08,0.06
Vichy,0.04,0.04,0.04
Victoria Emerson,0.04,0.04,0.04
Victorian Trading Co,0.03,0.03,0.03
Victrola,0.04,0.04,0.04
Vilebrequin,0.03,0.03,0.03
Villeroy and Boch,0.04,0.04,0.04
Vimeo,0.05,0.05,0.05
Vince,0.03,0.03,0.03
Vince Camuto,0.045,0.045,0.045
Vincero Collective,0.025,0.025,0.025
Violet Grey,0.05,0.05,0.05
Vionic,0.05,0.05,0.05
Virginia Tech Hokie Shop,,0.02,0.02
VisionPros,0.05,0.05,0.05
Vistaprint,0.06,0.03,0.03
VitaCup,0.06,0.06,0.06
Vitabrid,0.1,0.05,0.05
Vitacost,0.03,0.03,0.03
Vital Choice,0.02,0.02,0.02
Vital Proteins,0.04,0.04,0.04
Vital Sleep,0.025,0.025,0.025
VitalSource,0.02,0.02,0.02
Vitamin A Swim,0.03,0.03,0.03
Vitamin Shoppe,0.01,0.01,0.01
Vitamin World,0.08,0.08,0.08
Vitamix,0.045,0.045,0.045
Vitauthority,0.05,0.05,0.05
Vitrazza,0.04,0.04,0.04
VivaTerra,0.025,0.025,0.025
Vivid Seats,0.02,0.02,0.02
Vivino,0.04,0.08,0.04
Vivint,,0.15,0.15
Vivobarefoot,0.01,0.01,0.01
VogueWigs,0.03,0.03,0.03
Volcanica Coffee,0.025,0.025,0.05
Vons,0.01,0.01,0.01
Vudu,0.02,0.02,0.025
W&P,0.04,0.04,0.04
W3LL PEOPLE,0.05,0.05,0.05
WOW Skin Science,0.02,0.025,0.025
WSS,0.035,0.035,0.035
WW Shop,0.01,0.01,0.01
WWE Shop,0.04,0.04,0.04
Waders.com,0.04,0.04,0.04
Walgreens,0.03,0.03,0.03
Walk-In Lab,0.025,0.025,0.025
Walmart,0.06,0.06,0.06
Walmart eBooks by Rakuten kobo,0.025,0.05,0.05
Wander Beauty,0.05,0.05,0.05
Warby Parker,0.01,0.01,0.01
Warriors Shop,0.1,0.1,0.1
Watch Gang,0.03,0.03,0.03
Watch Station,0.015,0.015,0.015
WatchMaxx,0.02,0.02,0.02
Waterford.com,0.03,0.03,0.03
We Craft Box,0.05,0.05,0.05
We Wore What,0.05,0.05,0.05
Wear Pact,0.015,0.015,0.015
WebEyeCare,0.01,0.01,0.01
WebHostingPad,0.1,0.1,0.1
Webroot,0.05,0.06,0.06
Weddingstar,0.05,0.05,0.05
Wedgwood,0.03,0.03,0.03
WeeSprout,0.025,0.025,0.025
Weighted Evolution,0.04,0.04,0.04
Welcome All Beauty,0.04,0.04,0.04
Weleda,0.075,0.075,0.075
WelleCo,0.05,0.05,0.05
Welry,0.07,0.07,0.07
Western Digital,0.05,0.05,0.1
What Goes Around Comes Around,0.02,0.02,0.02
Whirlpool,0.03,0.03,0.03
Whistle,0.03,0.03,0.03
White + Warren,0.03,0.03,0.03
White Fox Boutique,0.03,0.03,0.04
White House Black Market,0.02,0.02,0.02
Wicked Good Cupcakes,0.06,0.06,0.06
Wig.com,0.02,0.02,0.02
Wild One,0.04,0.04,0.04
Wildling,0.04,0.04,0.04
Wilson Sporting Goods,0.02,0.02,0.02
Wilsons Leather,0.04,0.04,0.04
Wind & Weather,0.025,0.025,0.025
Windy City Novelties,0.06,0.06,0.06
Wine.com,0.05,0.025,0.025
Winebasket.com,0.06,0.06,0.06
Winky Lux,0.07,0.07,0.07
Wisconsin Made,0.035,0.035,0.035
Wise Emergency Foods,0.01,0.01,0.01
Wish,0.015,0.015,0.015
Wish Wholesale,0.1,0.1,0.1
Withings,0.015,0.015,0.015
Wolf & Badger,0.05,0.05,0.05
Wolfermans,0.025,0.025,0.025
Wolford,0.03,0.03,0.03
Wolven,0.02,0.02,0.02
Wolverine,0.035,0.035,0.035
Woman Within,0.02,0.02,0.02
Wondershare,0.15,0.15,0.15
Woodland Direct,0.015,0.015,0.015
Woods,0.01,0.01,0.01
Woodwind & Brasswind,,,0.025
Wooflinen,0.075,0.075,0.075
Woolrich,0.06,0.06,0.06
Wordery,0.03,0.03,0.03
World Wide Stereo,0.03,0.03,0.03
Worx,0.015,0.015,0.015
Woven Pear,0.1,0.1,0.1
Wrangler,0.02,0.02,0.02
Wren + Glory,0.02,0.02,0.02
X2 Performance,0.04,0.04,0.04
XCVI,0.035,0.035,0.035
Xtratuf,0.06,0.06,0.06
Xtrema,0.025,0.025,0.025
YCMC,0.03,0.03,0.03
YLANG 23,0.03,0.03,0.03
YLighting,0.025,0.025,0.025
YOOX,0.03,0.03,0.03
Yaasa,0.075,0.075,0.075
Yahoo! Small Business,0.125,0.125,0.125
Yandy.com,,0.02,0.02
Yankee Candle,0.01,0.01,0.01
Yelp for Business,0.2,0.2,0.2
YesAsia,0.025,0.025,0.025
Yesglasses,0.1,0.1,0.1
Yogasleep,0.03,0.03,0.03
Yoins,0.075,0.075,0.075
Yon-Ka Paris,0.04,0.04,0.04
Yubico,0.05,0.05,0.05
Yumi Kim,0.02,0.02,0.02
Yummie,0.015,0.03,0.03
Yummy Bazaar,0.01,0.01,0.01
Yves Rocher,0.075,0.075,0.075
Yves Saint Laurent Beauty,0.04,0.04,0.04
ZAGG invisibleSHIELD,0.03,0.03,0.03
ZQuiet,0.1,0.1,0.1
Zadig & Voltaire,0.04,0.04,0.04
Zaful,0.07,0.07,0.07
Zales,0.03,0.03,0.03
Zales Outlet,0.02,0.02,0.02
Zappos,0.01,0.01,0.05
Zavvi,0.01,0.01,0.01
Zazzle,0.05,0.05,0.05
Zenni Optical,0.025,0.025,0.025
Zesty Paws,0.035,0.035,0.035
Zimmermann,0.05,0.05,0.05
Zinus,0.05,0.025,0.1
ZitSticka,0.04,0.04,0.04
Zodiac Shoes,0.04,0.04,0.04
Zoro,0.06,0.04,0.08
Zulily,0.01,0.01,0.01
Zuma,0.025,0.025,0.025
Zutano,0.05,0.05,0.05
Zwilling,0.04,0.04,0.04
aden + anais,0.03,0.03,0.03
adidas,0.04,0.1,0.13
alice + olivia,0.02,0.02,0.02
avenue,0.025,0.025,0.025
bareMinerals,0.05,0.1,0.1
bebe,0.06,0.06,0.06
bloomscape,0.03,0.03,0.03
bluemercury,0.02,0.1,0.1
boba,0.035,0.035,0.035
boohoo,0.03,0.03,0.03
boohooMan,0.035,0.035,0.035
buybuy BABY,0.01,0.01,0.01
caseable,0.05,0.05,0.05
cbdMD,0.1,0.1,0.1
celltrient,0.1,0.1,0.1
chapters.indigo.ca,0.05,0.05,0.05
comiXology,0.04,0.04,0.04
dr. brandt skincare,0.08,0.08,0.08
dressbarn,0.02,0.02,0.02
e-File,0.28,0.28,0.28
e.l.f. Cosmetics,0.05,0.05,0.05
eBags,0.05,0.05,0.05
eBay,0.01,0.01,0.04
eCampus.com,0.035,0.035,0.035
eCreamery,0.025,0.025,0.025
eFollett,,0.02,0.02
eLuxury.com,0.1,0.1,0.1
eManualOnline,0.075,0.075,0.075
eNasco,0.025,0.025,0.025
ePackageSupply.com,0.035,0.035,0.035
ePlanters,0.04,0.04,0.04
ePromos,0.01,0.01,0.01
ePumps,0.015,0.015,0.015
eSmart Tax,0.05,0.05,0.05
eVitamins,0.03,0.03,0.03
eberjey,0.03,0.03,0.03
ecobee,0.04,0.04,0.04
edX,0.025,0.025,0.025
eharmony,0.15,0.15,0.15
ergobaby,0.02,0.02,0.02
ettitude,0.03,0.03,0.06
exante,0.1,0.1,0.105
ezpz,0.04,0.04,0.04
francesca’s,0.025,0.025,0.025
fresh,0.025,0.025,0.05
ghd,0.025,0.025,0.025
giggle,0.04,0.04,0.04
gorjana,0.03,0.03,0.03
hint,0.04,0.08,0.04
i-Blason,0.055,0.055,0.055
iHerb,0.02,0.02,0.04
iRobot,0.02,0.02,0.02
icebreaker,0.03,0.03,0.03
illesteva,0.075,0.075,0.075
illy,0.04,0.04,0.04
imPress,0.05,0.05,0.05
iolo technologies,0.1,0.1,0.1
italist.com,0.025,0.025,0.025
kate spade new york,0.03,0.03,0.03
kate spade surprise,0.03,0.03,0.03
kidpik,0.06,0.06,0.06
lookfantastic,0.04,0.07,0.04
mac of all trades,0.015,0.015,0.015
maurices,0.02,0.02,0.02
mindbodygreen,0.025,0.025,0.025
philosophy,0.025,0.025,0.025
plants.com,0.05,0.05,0.05
prAna,0.02,0.02,0.02
purlisse,0.1,0.1,0.1
quip,0.05,0.05,0.05
rag & bone,0.04,0.12,0.14
rue21,0.05,0.05,0.05
shopDisney,0.03,0.1,0.08
tarte cosmetics,0.05,0.05,0.05
vineyard vines,0.015,0.015,0.015
wet n wild,0.04,0.04,0.04
wisp,0.05,0.05,0.05
woot!,0.05,0.05,0.05
zChocolat,0.1,0.1,0.1
